0-0-0|media|problema|Se reparten 42 lápices y 30 gomas en bolsas idénticas, sin sobrar material. ¿Cuál es el mayor número de bolsas?|6|El MCD de 42 y 30 es 6: cada bolsa recibe 7 lápices y 5 gomas.|12|12 no divide exactamente ni 42 ni 30; sobraría material.|30|30 divide las gomas, pero no permite repartir los lápices por igual.|210|210 es el mínimo común múltiplo; se necesita un divisor común.
0-0-1|básica|comparación|Un termómetro registra −0,4 °C, −3/4 °C, 0,2 °C y −1/2 °C. ¿Cuál es la temperatura menor?|−3/4 °C|Equivale a −0,75 °C y está más a la izquierda en la recta numérica.|−0,4 °C|−0,4 está más cerca de cero que −0,75 y es mayor.|0,2 °C|Es positiva; todas las temperaturas negativas son menores.|−1/2 °C|Equivale a −0,5, que es mayor que −0,75.
0-0-2|media|fracciones|Una jarra contiene 5/6 L. Se sirven dos vasos de 1/4 L. ¿Cuánto queda?|1/3 L|Se retira 2/4 = 1/2 L; 5/6 − 3/6 = 2/6 = 1/3 L.|7/12 L|Es lo que queda tras servir solo un vaso, no los dos.|1/6 L|La cantidad retirada es 3/6 L; no corresponde restar 4/6.|4/3 L|Suma lo servido al contenido inicial; se debe restar.
0-1-0|media|tabla|Para una tarea fija, 2 trabajadores tardan 18 horas, 3 tardan 12 y 6 tardan 6. ¿Qué modelo relaciona horas h y trabajadores t?|h = 36/t|El producto t × h vale 36 en los tres casos: proporcionalidad inversa.|h = 9t|Solo coincide con el primer dato y supone proporcionalidad directa.|h = 36t|Haría aumentar el tiempo al incorporar trabajadores, contrario a los datos.|h = 20 − t|Coincide con el primer par, pero con 3 daría 17 horas, no 12.
0-1-1|media|modelo|Un estacionamiento cobra $1.000 de entrada más $600 por hora. ¿Por qué el costo no es directamente proporcional a las horas?|Hay un costo fijo y cambia la razón costo/horas.|La función es 1.000 + 600h; no pasa por el origen ni mantiene el cociente.|Porque el costo siempre disminuye.|La tarifa aumenta $600 por cada hora adicional.|Porque no puede representarse con una recta.|Sí es una función afín y su representación es recta.|Porque el valor por hora cambia cada día.|El enunciado mantiene una tarifa de $600; el problema es el costo fijo.
0-1-2|media|proporcionalidad|Cuatro bombas iguales vacían un estanque en 9 horas. Seis bombas, al mismo ritmo y sin interferencias, ¿cuánto tardan?|6 horas|El trabajo requiere 4 × 9 = 36 horas-bomba; 36 ÷ 6 = 6 horas.|13,5 horas|Aplica proporcionalidad directa; más bombas deben reducir el tiempo.|3 horas|Resta la cantidad de bombas al tiempo sin modelar el trabajo fijo.|9 horas|Mantiene el tiempo sin considerar el aumento de capacidad de bombeo.
0-1-3|media|porcentajes|Un artículo de $40.000 baja 20% y luego sube 20% sobre el precio rebajado. ¿Cuál es el precio final?|$38.400|40.000 × 0,8 × 1,2 = 38.400; los porcentajes usan bases distintas.|$40.000|Supone que ambos porcentajes se cancelan, aunque las bases cambian.|$32.000|Es el precio después de la rebaja; falta aplicar el aumento posterior.|$48.000|Aplica el aumento al precio inicial y omite el descuento.
0-2-0|media|potencias|¿Cuánto vale (−2)³ × (−2)⁻¹?|4|Con igual base se suman exponentes: (−2)² = 4.|−4|El exponente final es par, por lo que el resultado es positivo.|16|Resta exponentes como si fuera una división, no un producto.|−16|El inverso de −2 es −1/2; no corresponde multiplicar −8 por 2.
0-2-1|media|potencias|¿Cuál es el valor de (0,5)⁻²?|4|0,5 = 1/2; invertir y elevar al cuadrado da 2² = 4.|0,25|Calcula el cuadrado pero ignora que el exponente es negativo.|−0,25|El signo del exponente indica inverso, no un resultado negativo.|−4|Una base positiva elevada a un entero sigue siendo positiva.
1-0-0|media|secuencia|Una secuencia es 7, 11, 15, 19, con diferencia constante. Si n = 1 corresponde al primer término, ¿qué regla la representa?|4n + 3|Para n = 1 da 7 y cada incremento de n suma 4.|4n + 7|Para n = 1 da 11; desplaza la secuencia un término.|7n|Multiplica por 7 y no conserva la diferencia de 4.|3n + 4|Da 7 inicialmente, pero luego 10 en vez de 11.
1-0-1|básica|álgebra|Se resta 5 a la tercera parte de x. ¿Qué expresión lo representa?|x/3 − 5|Primero se toma la tercera parte de x y luego se resta 5.|(x − 5)/3|Resta 5 antes de dividir, cambiando el orden indicado.|3x − 5|Triplica x; el enunciado pide dividirlo en tres.|5 − x/3|Invierte minuendo y sustraendo: resta la tercera parte a 5.
1-0-2|media|modelo|Una colonia parte con P bacterias y se triplica cada hora. ¿Cuántas hay tras cuatro horas, según el modelo ideal?|P × 3⁴|Se multiplica P por 3 cuatro veces; el crecimiento es multiplicativo.|P + 12|Suma doce bacterias, confundiendo triplicar con sumar tres.|12P|Multiplica los factores 3 y 4; no aplica cuatro triplicaciones.|P × 4³|Intercambia la base de crecimiento con el número de periodos.
1-1-0|media|inecuación|Un taxi cobra $900 fijos y $700 por kilómetro. Con un máximo de $5.800, ¿qué condición cumplen los kilómetros x?|900 + 700x ≤ 5.800|El costo fijo más el variable debe ser menor o igual al presupuesto.|900 + 700x ≥ 5.800|Permitiría costos superiores al máximo disponible.|700x ≤ 5.800|Omite la tarifa fija, sobreestimando la distancia que se puede pagar.|(900 + 700)x ≤ 5.800|Cobra la entrada por cada kilómetro, en lugar de una sola vez.
1-1-1|media|ecuación|Tres entradas del mismo precio y un cargo único de $1.200 cuestan $16.200. ¿Cuánto vale cada entrada?|$5.000|Se resta el cargo único: (16.200 − 1.200) ÷ 3 = 5.000.|$5.400|Divide el total entre tres sin descontar el cargo único.|$4.200|Descuenta $1.200 a cada entrada, aunque el cargo es único.|$15.000|Es el valor de las tres entradas juntas, no de cada una.
1-1-2|media|ecuación|¿Qué valor satisface (3/4)x − 2 = 7?|12|Se suma 2 y se multiplica por 4/3: x = 9 × 4/3 = 12.|20/3|Resta 2 al lado derecho; para despejar debe sumarlo.|27/4|Multiplica por 3/4 nuevamente; necesita su inverso.|9|Deshace la resta, pero deja pendiente dividir por 3/4.
1-2-0|media|función|Una máquina recibe enteros del 1 al 4 y entrega f(x) = 2x − 1. ¿Cuál es su recorrido?|{1, 3, 5, 7}|Son las cuatro salidas al sustituir 1, 2, 3 y 4 en la regla.|{1, 2, 3, 4}|Es el dominio de entrada; no el conjunto de salidas.|{2, 4, 6, 8}|Multiplica por dos pero omite restar uno.|Todos los números reales.|El dominio tiene cuatro valores; solo produce cuatro salidas.
1-2-1|básica|variables|Se registra el costo de harina a precio fijo por kilogramo. ¿Cuál es la variable independiente?|Los kilogramos comprados.|La cantidad comprada se elige y determina el costo mediante la tarifa.|El costo total.|Es la variable dependiente: cambia según los kilogramos.|El precio por kilogramo.|En este modelo es una constante, no la variable que se modifica.|El nombre del comprador.|No interviene en la relación matemática indicada.
1-2-2|media|función afín|En C(x) = 1.500 + 250x, x es la distancia de una entrega en km. ¿Qué representa 250?|El aumento de costo por cada km.|Es la tasa de variación de C respecto de la distancia x.|El costo fijo de la entrega.|El costo fijo es 1.500, el término independiente.|La distancia máxima permitida.|La expresión no establece una distancia máxima de 250 km.|El costo total de cualquier entrega.|El total depende de x y además incluye 1.500.
1-2-3|media|modelación|Un depósito comienza con 24 L y recibe 3 L por minuto. Antes de rebalsar, ¿qué modelo expresa su volumen?|V(t) = 24 + 3t|Agrega al volumen inicial los 3 litros recibidos en cada minuto.|V(t) = 3t|Omite los 24 litros que había al inicio.|V(t) = 24 − 3t|Representa un vaciado; aquí entra agua.|V(t) = 72t|Multiplica el volumen inicial por la tasa sin respetar sus unidades.
2-0-0|media|triángulos|¿Qué longitudes permiten construir un triángulo no degenerado?|4 cm, 6 cm y 8 cm.|La suma de los dos lados menores, 10, supera al mayor, 8.|2 cm, 3 cm y 5 cm.|La suma de los menores iguala al mayor: formarían un segmento.|2 cm, 3 cm y 6 cm.|2 + 3 es menor que 6; los lados no pueden cerrar.|1 cm, 4 cm y 7 cm.|1 + 4 no supera a 7; incumple la desigualdad triangular.
2-0-1|básica|cuerpos|Un prisma tiene dos bases triangulares y tres caras rectangulares. ¿Cuántas caras tiene?|5|Se cuentan las dos bases y las tres caras laterales: 2 + 3 = 5.|3|Cuenta solo las caras laterales y omite las bases.|6|Confunde el número de vértices con el de caras.|9|Confunde las nueve aristas con las caras del prisma.
2-0-2|media|simetría|Un rectángulo de 8 cm por 5 cm no es cuadrado. ¿Cuántos ejes de simetría tiene?|2|Las rectas por los puntos medios de lados opuestos hacen coincidir las mitades.|4|Las diagonales no son ejes de este rectángulo; sí lo serían en un cuadrado.|1|Reconoce un eje, pero omite el perpendicular que también divide mitades iguales.|0|Ambos ejes centrales permiten superponer las dos mitades.
2-0-3|media|ángulos|¿Cuál es la suma de ángulos interiores de un pentágono simple?|540°|Se divide en tres triángulos: (5 − 2) × 180° = 540°.|360°|Es la suma de los ángulos exteriores, no de los interiores del pentágono.|900°|Multiplica cinco por 180 sin descontar los dos términos de la fórmula.|180°|Es la suma para un triángulo, no para cinco lados.
2-0-4|media|circunferencia|Una rueda de radio 7 cm da una vuelta completa sin deslizar. ¿Cuánto avanza en línea recta?|14π cm|Una vuelta avanza una circunferencia: 2πr = 14π cm.|7π cm|Usa πr en vez de 2πr; falta el factor dos.|49π cm|Calcula el área del círculo; su unidad sería cm².|14 cm|Es el diámetro, no la longitud de la circunferencia.
2-1-0|media|medición|Un rectángulo mide 9 m por 4 m. ¿Cuál es su perímetro y área, respectivamente?|26 m y 36 m²|Perímetro 2(9 + 4) = 26; área 9 × 4 = 36.|13 m y 36 m²|Suma solo un largo y un ancho; faltan los otros dos lados.|36 m y 26 m²|Intercambia el producto de los lados con la suma del contorno.|26 m² y 36 m|Intercambia las unidades: longitud en m y superficie en m².
2-1-1|media|volumen|Una caja rectangular mide 5 cm por 4 cm por 3 cm. ¿Cuál es su volumen?|60 cm³|El volumen es el producto de las tres dimensiones: 5 × 4 × 3.|12 cm³|Suma las dimensiones, sin contar las unidades cúbicas que caben.|20 cm³|Multiplica solo largo y ancho; falta la altura.|94 cm³|94 es su área superficial en cm², no su volumen.
2-1-2|media|propiedades|¿Qué cuadrilátero tiene cuatro ejes de simetría?|Un cuadrado.|Tiene dos diagonales y dos rectas que unen puntos medios de lados opuestos.|Un rectángulo no cuadrado.|Tiene dos ejes; sus diagonales no superponen las mitades.|Un rombo no cuadrado.|Tiene las dos diagonales como ejes, no cuatro.|Un paralelogramo oblicuo sin lados iguales.|Tiene simetría central, pero no cuatro ejes de reflexión.
2-1-3|media|área compuesta|A una lámina de 10 cm por 8 cm se le recorta un cuadrado de lado 3 cm en una esquina. ¿Qué área queda?|71 cm²|Al área 80 se restan los 9 cm² del cuadrado: 80 − 9 = 71.|77 cm²|Resta una longitud de 3 al área; debe restarse 3 × 3.|89 cm²|Suma el recorte en vez de quitarlo de la lámina.|35 cm²|Reduce ambos lados completos; no representa quitar solo una esquina.
2-2-0|media|isometría|Una figura se traslada 6 unidades a la derecha. ¿Por qué su imagen es congruente?|Conserva longitudes y ángulos.|Una traslación mueve todos los puntos con el mismo vector sin deformar la figura.|Duplica sus longitudes.|La traslación cambia posición, no tamaño.|Reduce el área a la mitad.|El área se conserva al trasladar, igual que las distancias.|Invierte necesariamente la orientación.|La traslación conserva orientación; no es una reflexión.
2-2-1|media|reflexión|Se refleja el punto (−3, 2) respecto del eje vertical. ¿Cuál es su imagen?|(3, 2)|Cambia el signo de la coordenada horizontal y conserva la vertical.|(−3, −2)|Refleja respecto del eje horizontal, no del vertical.|(3, −2)|Cambia ambas coordenadas y corresponde a simetría respecto del origen.|(2, −3)|Intercambia coordenadas, como una reflexión respecto de y = x.
2-2-2|básica|transformaciones|Un mosaico repite una flecha apuntando arriba, a intervalos iguales hacia la derecha. ¿Qué transformación genera cada copia?|Traslación horizontal.|Desplaza la flecha sin cambiar su tamaño ni orientación.|Rotación de 90°.|La flecha dejaría de apuntar arriba.|Reflexión respecto de una recta horizontal.|La flecha pasaría a apuntar hacia abajo.|Homotecia de razón 2.|Duplicaría el tamaño; las copias conservan sus dimensiones.
3-0-0|media|gráfico|Un gráfico muestra 48 préstamos en mayo y 52 en junio, con eje vertical iniciado en 46. ¿Qué lectura es adecuada?|Aumentan 4; el eje recortado amplifica visualmente la diferencia.|La resta 52 − 48 mide el cambio real; la altura visible depende del origen del eje.|Se triplicaron los préstamos.|Confunde las alturas desde 46 con las cantidades representadas.|El aumento fue de 52 préstamos.|52 es el total de junio; debe compararse con los 48 previos.|No se puede calcular el cambio.|Las cantidades están dadas y permiten obtener la diferencia.
3-0-1|básica|mediana|Los tiempos son 3, 4, 4, 5 y 19 minutos. ¿Cuál es la mediana?|4 minutos|Ordenados, el tercero de cinco datos ocupa la posición central.|7 minutos|Es la media: 35 ÷ 5; no el dato central.|19 minutos|19 es el valor máximo; la mediana se encuentra en la posición central.|5 minutos|Es el cuarto dato; la posición central es la tercera.
3-0-2|media|estadística|Los viajes duran 10, 11, 12, 13 y 54 minutos. ¿Qué resumen describe el centro sin depender tanto del extremo 54?|Mediana de 12 minutos.|La mediana depende de la posición central y es menos sensible al valor extremo.|Media de 20 minutos.|La media incorpora el 54 y se aleja de cuatro de los cinco tiempos.|Rango de 44 minutos.|Describe dispersión, no una duración central.|Máximo de 54 minutos.|Representa precisamente el caso extremo que se quiere evitar como resumen.
3-0-3|media|muestreo|Para saber cómo viajan 600 escolares, se encuesta solo a quienes llegan al estacionamiento. ¿Qué problema existe?|Sesgo de selección hacia quienes usan automóvil.|El lugar de selección puede excluir a quienes caminan o usan otros transportes.|La muestra garantiza representación igual.|No todos los medios de transporte tienen igual oportunidad de ser incluidos.|Una encuesta nunca sirve para estudiar transporte.|El problema no es encuestar, sino cómo se selecciona a quienes responden.|Basta aumentar los encuestados en el mismo estacionamiento.|Más respuestas del mismo grupo no corrigen la exclusión sistemática.
3-1-0|básica|probabilidad|Se lanza una moneda y luego un dado de seis caras. ¿Cuántos resultados elementales distintos hay?|12|Cada uno de los dos resultados de moneda combina con seis del dado: 2 × 6.|8|Suma las posibilidades en vez de combinar ambas etapas.|6|Cuenta solo el dado y omite la moneda.|36|Trata ambas etapas como dados de seis caras.
3-1-1|media|frecuencia|En 80 lanzamientos, el seis aparece 18 veces. ¿Cuál es su frecuencia relativa observada?|0,225|La proporción observada es 18 ÷ 80 = 0,225.|18|Es la frecuencia absoluta; falta dividir por el total.|1/6|Es la probabilidad teórica de un dado equilibrado, no la frecuencia observada.|0,18|Equivale a dividir por 100 en vez de por los 80 lanzamientos.
3-1-2|media|conteo|Hay 3 entradas, 4 fondos y 2 postres. ¿Cuántos menús incluyen una opción de cada tipo?|24|Por el principio multiplicativo: 3 × 4 × 2 = 24.|9|Suma opciones, pero el menú combina las tres etapas.|12|Combina entrada y fondo; omite elegir postre.|8|Combina fondo y postre; omite las tres entradas.
3-1-3|media|probabilidad|Una bolsa contiene 5 fichas rojas, 3 azules y 2 verdes, igualmente extraíbles. ¿P(no roja)?|1/2|Hay 5 fichas no rojas entre 10: (3 + 2)/10 = 1/2.|3/10|Cuenta solo las azules y olvida las verdes.|2/10|Cuenta solo las verdes y olvida las azules.|5/5|Usa las favorables como total; el espacio incluye las diez fichas.
4-0-0|alta|caso de aula|Un grupo cree que 1/2 y 2/4 son diferentes porque tienen cifras distintas. ¿Qué ayuda aborda esa idea?|Comparar ambas fracciones en tiras de igual longitud.|Mantener la misma unidad permite ver que ocupan una extensión igual.|Usar tiras de tamaños diferentes sin aclararlo.|Mezclar unidades dificulta interpretar la equivalencia de las fracciones.|Memorizar que 2 es mayor que 1.|Compara numeradores aislados y refuerza el error inicial.|Cambiar las fracciones por números enteros.|Evita el concepto de equivalencia que debe comprender el grupo.
4-0-1|alta|representación|Una estudiante representa 0,3 pintando tres casillas de una cuadrícula de cien. ¿Qué apoyo conviene?|Relacionar 3/10 con 30/100 pintando tres columnas completas.|Cada columna es un décimo: tres décimos ocupan treinta casillas.|Confirmar que 0,3 equivale a 3/100.|Valida la confusión entre décimos y centésimos.|Pintar solo una casilla y llamarla décimo.|Cada casilla representa un centésimo de esa unidad.|Cambiar la unidad sin explicarla.|Sin una unidad común no puede revisar el valor posicional.
4-0-2|alta|análisis de error|Un estudiante obtiene 32 en 5 + 3 × 4 al operar de izquierda a derecha. ¿Qué intervención ayuda?|Contrastar 5 + (3 × 4) con (5 + 3) × 4.|Permite discutir jerarquía de operaciones y el efecto de agrupar de otro modo.|Decir que siempre se suma primero.|Reforzaría el procedimiento que produjo 32.|Cambiar únicamente el 4 por otro número.|No aborda el orden de operaciones que origina el error.|Aceptar 32 porque usó todos los números.|Usar todos los datos no garantiza respetar la estructura de la expresión.
4-0-3|alta|recurso|Se quiere explicar el área del triángulo mediante un paralelogramo de igual base y altura. ¿Qué recurso conviene?|Dos triángulos congruentes ensamblables en ese paralelogramo.|El ensamblaje muestra que cada triángulo ocupa exactamente la mitad del área.|Un transportador sin representar superficies.|Mide ángulos, pero no muestra la relación de áreas solicitada.|Una lista de perímetros de triángulos.|Los perímetros no justifican la mitad de la superficie.|Dos triángulos de alturas distintas.|No garantizan formar el paralelogramo con la misma base y altura.
4-0-4|alta|argumentación|¿Qué actividad permite observar argumentación matemática?|Justificar con una representación general que impar + impar es par.|Exige fundamentar por qué la afirmación vale para todos los casos.|Copiar diez resultados resueltos.|La copia no muestra las razones que sostienen una afirmación.|Recitar la tabla del dos.|Muestra recuerdo, pero no justificación de la propiedad.|Elegir un resultado sin explicar.|Sin razones no puede observarse el argumento del estudiante.
4-0-5|alta|decimales|Un estudiante dice que 0,08 > 0,7 porque 8 > 7. ¿Qué ayuda se dirige al error?|Comparar 8/100 con 70/100 en la misma unidad.|Expresa ambos con denominador común y hace visible el valor posicional.|Comparar solo las cifras 8 y 7.|Reproduce la comparación aislada que originó el error.|Afirmar que más cifras decimales siempre implica más valor.|La cantidad de cifras no determina el orden de los decimales.|Redondear ambos a cero y terminar.|Borra la diferencia que se necesita comprender.
4-1-0|alta|conocimiento previo|Antes de multiplicar fracciones con modelos de área, ¿qué conviene indagar?|Reconocimiento de unidad, partes iguales y fracción representada.|Estos conceptos permiten interpretar una fracción de otra sobre la misma superficie.|Memorización de nombres de polígonos únicamente.|No informa si comprenden unidad y partición fraccionaria.|Rapidez para copiar cuadrículas.|La copia no revela el significado que atribuyen a las partes.|Conocimiento de ecuaciones cuadráticas.|No es un prerrequisito pertinente para ese modelo inicial.
4-1-1|alta|retroalimentación|Una estudiante escribe 2/3 + 1/4 = 3/7. ¿Qué apoyo permite revisar su procedimiento?|Representar 8/12 y 3/12 sobre unidades iguales.|Muestra la necesidad de partes del mismo tamaño antes de sumar cantidades.|Pedir que vuelva a sumar 2 + 1 y 3 + 4.|Repite la regla incorrecta de sumar denominadores.|Cambiar el signo por multiplicación.|Evita la dificultad de sumar cantidades con particiones distintas.|Decir que cualquier fracción entre cero y uno sirve.|No permite evaluar si el resultado conserva las cantidades sumadas.
4-2-0|alta|evaluación|El objetivo es interpretar porcentajes en un gráfico. ¿Qué evidencia es más pertinente?|Explicar por qué 25% de una muestra de 80 representa 20 personas.|Conecta el porcentaje, el total y el significado de los datos representados.|Definir porcentaje sin usar el gráfico.|Puede mostrar recuerdo, pero no interpretación contextual de los datos.|Copiar los colores de las barras.|Reproduce la apariencia, no el significado de las proporciones.|Enumerar las letras del título.|No permite observar el aprendizaje de porcentajes solicitado.
4-2-1|alta|instrumento|Se quiere evaluar procedimiento y justificación en proporcionalidad. ¿Qué instrumento conviene?|Problema con respuesta desarrollada y criterios de modelo, cálculo y comprobación.|Recoge el razonamiento, la operación y su interpretación contextual.|Lista que registra solo si entregó a tiempo.|Evalúa cumplimiento, no procedimiento proporcional.|Prueba que puntúa únicamente caligrafía.|La presentación no representa la comprensión del modelo.|Pregunta sin espacio para explicar y sin revisión de proceso.|No entrega evidencia suficiente de la justificación buscada.
1-0-2|media|porcentaje algebraico|Un producto cuesta p pesos y tiene 15% de descuento. ¿Qué expresión indica cuánto se paga?|0,85p|Se conserva el 85% del precio: p − 0,15p = 0,85p.|0,15p|Representa el descuento, no el precio final.|1,15p|Representa un aumento del 15%, no una rebaja.|p − 15|Resta una cantidad fija; el descuento depende de p.
