0-0-0|media|membrana|Una célula incorpora un ion contra su gradiente de concentración usando directamente ATP. ¿Qué mecanismo interviene?|Transporte activo primario.|Una proteína utiliza energía de ATP para mover el ion contra su gradiente.|Difusión simple.|Ocurre a favor del gradiente y no consume ATP directamente.|Ósmosis.|Es movimiento de agua, no bombeo de iones mediante ATP.|Difusión facilitada.|Usa proteínas, pero transporta a favor del gradiente sin usar ATP directamente.
0-0-1|media|biomoléculas|Una molécula tiene cabeza hidrofílica y dos colas hidrofóbicas. ¿Qué función se asocia con esta estructura?|Formar bicapas de membrana.|Los fosfolípidos orientan sus cabezas hacia el agua y sus colas al interior de la bicapa.|Almacenar información genética.|Esa función corresponde a ácidos nucleicos, no a la estructura descrita.|Transportar oxígeno como hemoglobina.|La hemoglobina es una proteína con grupos hemo, no una molécula de dos colas.|Catalizar toda reacción celular.|Las enzimas poseen estructuras específicas; una bicapa no cataliza todas las reacciones.
0-1-0|básica|sistemas|Tras absorberse en el intestino, la glucosa llega a un músculo distante. ¿Qué sistema realiza ese transporte?|Circulatorio.|La sangre distribuye nutrientes absorbidos hacia los tejidos del organismo.|Respiratorio.|Intercambia gases; no es la vía principal de distribución de glucosa.|Nervioso.|Transmite señales, pero no lleva glucosa a distancia por los nervios.|Esquelético.|Da soporte y protección; no distribuye los nutrientes absorbidos.
0-1-1|media|virus|¿Por qué un virus necesita una célula compatible para producir nuevos virus?|Depende de maquinaria celular para sintetizar proteínas virales.|Los virus carecen de ribosomas y utilizan componentes de la célula hospedadora.|Porque todo virus es una célula sin núcleo.|Los virus son entidades acelulares; no se clasifican como células anucleadas.|Porque solo se reproduce por mitosis.|La mitosis es división nuclear celular; no describe la replicación viral.|Porque obtiene nuevos ribosomas del aire.|No incorpora ribosomas ambientales; utiliza los de la célula infectada.
0-1-2|media|defensas|El moco atrapa partículas y los cilios las desplazan hacia la faringe. ¿Qué defensa ejemplifica?|Barrera de la inmunidad innata.|Retiene y elimina agentes sin necesitar reconocimiento previo específico.|Memoria inmunológica específica.|El mecanismo descrito no depende de una exposición previa al mismo antígeno.|Producción de anticuerpos por cilios.|Los cilios desplazan material; no son células productoras de anticuerpos.|Destrucción de glóbulos rojos.|No se describe hemólisis, sino protección de la vía respiratoria.
0-1-3|media|inmunidad|Neutrófilos y macrófagos intervienen en una lesión. ¿Qué comparación es adecuada?|Ambos fagocitan; los macrófagos también presentan antígenos.|La fagocitosis es compartida y los macrófagos conectan respuestas innata y adaptativa.|Solo los neutrófilos pueden fagocitar.|Los macrófagos también ingieren partículas y microorganismos.|Ambos son anticuerpos circulantes.|Son células; los anticuerpos son moléculas producidas por células plasmáticas.|Los macrófagos producen todos los anticuerpos.|La producción de anticuerpos corresponde a células derivadas de linfocitos B.
0-2-0|básica|nutrición|Durante la digestión, ¿qué nutrientes se descomponen en aminoácidos?|Proteínas.|Las proteínas son cadenas de aminoácidos unidos mediante enlaces peptídicos.|Almidones.|Son polisacáridos; su digestión produce azúcares, no aminoácidos.|Triglicéridos.|Se descomponen principalmente en componentes lipídicos como ácidos grasos.|Vitaminas.|No son polímeros de aminoácidos que se digieran de esa manera.
0-2-1|media|energía|Dos personas de igual edad y masa realizan actividades físicas diferentes. ¿Qué afirmación es adecuada?|Sus necesidades energéticas pueden diferir por su actividad.|El gasto energético depende de la actividad, además de otras características del organismo.|Necesitan exactamente la misma energía.|Igual edad y masa no igualan necesariamente el gasto por actividad.|La actividad no requiere energía.|La contracción muscular y otros procesos utilizan energía metabólica.|La menos activa siempre requiere más energía por definición.|No se deduce esa regla; deben considerarse actividad y otras condiciones.
0-2-2|media|sustancias|¿Qué asociación sobre componentes del humo de tabaco es correcta?|Nicotina: dependencia; monóxido de carbono: menor transporte de oxígeno.|La nicotina favorece dependencia y el CO compite por la hemoglobina, dificultando transportar oxígeno.|Nicotina: aporte principal de oxígeno.|No aporta oxígeno para el transporte sanguíneo.|Monóxido de carbono: vitamina necesaria.|El CO no es una vitamina y puede interferir con la oxigenación.|Alquitrán: nutriente protector de cilios.|Es una mezcla de sustancias dañinas, no un nutriente protector.
0-3-0|media|reproducción|¿Qué asociación entre estructura y función es correcta?|Túbulos seminíferos: producción de espermatozoides.|La espermatogénesis ocurre en los túbulos seminíferos de los testículos.|Próstata: producción de ovocitos.|Los ovocitos se desarrollan en los ovarios; la próstata aporta secreciones seminales.|Útero: producción de espermatozoides.|El útero participa en la gestación, no en la espermatogénesis.|Oviducto: producción de testosterona testicular.|Esa producción se relaciona con células de Leydig del testículo.
0-3-1|media|ciclo ovárico|Un aumento marcado de LH precede a la liberación del ovocito. ¿Con qué proceso se relaciona?|Ovulación y formación posterior del cuerpo lúteo.|El pico de LH desencadena la ovulación y la luteinización del folículo.|Implantación inmediata del embrión.|La implantación requiere un embrión y ocurre después; no la desencadena ese pico directamente.|Producción de espermatozoides en el ovario.|El ovario no produce espermatozoides.|Interrupción permanente de toda actividad ovárica.|El pico forma parte de un ciclo, no implica un cese permanente.
0-3-2|básica|mecanismos|¿Cuál es el mecanismo anticonceptivo principal de un preservativo?|Barrera física al paso de espermatozoides.|Separa físicamente el semen del tracto reproductor; ese es su mecanismo de barrera.|Inhibición hormonal de la ovulación.|No administra hormonas para inhibir la ovulación.|Destrucción permanente de los ovarios.|No actúa destruyendo órganos reproductivos.|Modificación genética del ovocito.|No modifica genes; su efecto se basa en la barrera física.
1-0-0|media|fotosíntesis|Una planta recibe agua con oxígeno marcado y libera O₂ marcado. ¿Qué interpretación concuerda con la fotosíntesis?|El O₂ liberado procede de la ruptura del agua.|En las reacciones luminosas se oxida agua y se libera oxígeno gaseoso.|El O₂ se forma exclusivamente desde la glucosa ingerida.|La planta no necesita ingerir glucosa y el oxígeno marcado venía en el agua.|El oxígeno marcado prueba que no hubo fotosíntesis.|La liberación es compatible con el papel del agua en las reacciones luminosas.|El agua solo sostiene físicamente las hojas.|También es reactivo; no cumple únicamente una función de soporte.
1-1-0|básica|ecología|Se estudian peces, algas, bacterias, temperatura y luz de una laguna. ¿Qué nivel integra esos componentes?|Ecosistema.|Incluye organismos y factores abióticos relacionados en un ambiente.|Población.|Una población incluye organismos de la misma especie, no todo lo descrito.|Organismo.|No corresponde a un individuo, sino a seres vivos y su ambiente.|Comunidad exclusivamente.|La comunidad reúne seres vivos; el ecosistema incorpora también factores abióticos.
1-1-1|media|red trófica|Disminuye un depredador, aumenta su presa herbívora y cae la vegetación. ¿Qué explica esa secuencia?|Un efecto indirecto del depredador sobre la vegetación.|Menos depredación puede elevar herbívoros y aumentar el consumo de plantas.|Las plantas consumieron a los depredadores.|Invierte el sentido de las relaciones tróficas descritas.|La vegetación no se relaciona con los herbívoros.|Ignora que estos consumen plantas y pueden afectar su abundancia.|La eliminación de depredadores siempre beneficia a todas las especies.|Los efectos pueden propagarse y perjudicar a algunos componentes.
2-0-0|básica|átomo|Un átomo neutro tiene 11 protones y 12 neutrones. ¿Cuántos electrones tiene?|11|En un átomo neutro, las cargas positivas y negativas se compensan.|12|Confunde electrones con neutrones; estos no determinan la neutralidad eléctrica.|23|Suma protones y neutrones, obteniendo el número másico.|1|La diferencia entre neutrones y protones no indica electrones.
2-0-1|media|gases|Un gas ideal mantiene cantidad y volumen. Su temperatura sube de 300 K a 450 K. ¿Cómo cambia la presión?|Se multiplica por 1,5.|Con n y V constantes, P es proporcional a T absoluta: 450/300 = 1,5.|Se duplica.|La temperatura no se duplicó; aumentó un factor de 1,5.|No cambia.|Al mantenerse volumen y cantidad, el aumento de temperatura eleva la presión.|Se reduce a la mitad.|Confunde la relación directa P–T con una relación inversa.
2-0-2|media|mezclas|Se quiere recuperar tanto agua como sal de una disolución. ¿Qué procedimiento conviene?|Destilar recogiendo el agua condensada.|El agua se vaporiza y condensa en otro recipiente mientras la sal permanece.|Filtrar con papel común.|La sal disuelta atraviesa el filtro junto con el agua.|Evaporar y desechar el vapor.|Recupera sal, pero pierde el agua que también se solicita.|Separar con un imán.|La sal disuelta y el agua no se separan mediante atracción magnética.
3-0-0|media|gravitación|Dos planetas tienen el mismo radio y B tiene el doble de masa que A. ¿Cómo pesa el mismo objeto en sus superficies?|En B pesa el doble.|A igual radio, g = GM/R² duplica al duplicarse la masa planetaria.|Pesa igual porque su masa no cambia.|La masa del objeto no cambia, pero su peso depende de g.|En B pesa la mitad.|Invierte la relación directa entre masa planetaria y campo gravitatorio.|En B pesa cuatro veces.|Eso no se deduce de duplicar M manteniendo el radio constante.
3-0-1|media|caída|Una hoja extendida cae más lentamente que la misma hoja arrugada. ¿Por qué?|La hoja extendida ofrece mayor resistencia al aire.|Cambia la interacción con el aire por su forma, aunque la masa casi se conserve.|Al arrugarla desaparece su masa.|La masa del papel se conserva al cambiar su forma.|La gravedad deja de actuar sobre la extendida.|La gravedad actúa sobre ambas formas.|El aire solo actúa sobre metales.|El aire ejerce resistencia también sobre papel y otros materiales.
3-0-2|media|fuerzas|Un disco mantiene su rapidez mientras describe una curva. ¿Qué ocurre con la fuerza neta?|Puede ser no nula porque cambia la dirección de la velocidad.|La aceleración también puede deberse a cambios de dirección, aunque la rapidez sea constante.|Es necesariamente cero.|Rapidez constante no implica velocidad vectorial constante.|La masa debe desaparecer.|Cambiar dirección no requiere perder la masa del cuerpo.|Siempre apunta tangencialmente hacia delante.|En movimiento circular uniforme la aceleración apunta hacia el centro, no tangencialmente.
3-1-0|básica|calor|Dos bloques a 60 °C y 20 °C se ponen en contacto, aislados del exterior. ¿Qué ocurre inicialmente?|Se transfiere energía del más caliente al más frío.|La diferencia de temperatura produce transferencia térmica hacia el bloque frío.|El frío fluye como sustancia al caliente.|El frío no es una sustancia; se transfiere energía térmica.|No intercambian energía por estar aislados del exterior.|Pueden intercambiar entre sí aunque no lo hagan con el entorno.|Ambos alcanzan necesariamente 40 °C.|La temperatura final depende también de masas y capacidades térmicas.
3-1-1|media|cambio de estado|Hielo a 0 °C recibe energía y se derrite a presión atmosférica. ¿Por qué puede mantener su temperatura?|La energía se usa en el cambio de estado.|Durante la fusión, la energía absorbida cambia la organización del material sin elevar necesariamente T.|Porque no absorbe ninguna energía.|La fusión requiere absorción de energía aunque no aumente T.|Porque desaparece toda su masa.|Cambiar de estado no implica perder la masa del agua.|Porque el termómetro mide volumen.|Un termómetro mide temperatura; la constancia tiene explicación energética.
3-1-2|media|transformaciones|Una linterna de pilas produce luz y se calienta. ¿Qué transformación ocurre?|Química → eléctrica → luminosa y térmica.|La pila aporta energía química que alimenta el circuito y se transforma en luz y calor.|La luz crea energía química de la nada.|No describe el funcionamiento de una linterna a pilas ni conserva energía.|Solo existe energía sonora.|La evidencia incluye luz y calentamiento, no solo sonido.|La energía eléctrica desaparece totalmente.|Se transforma y transfiere; no desaparece al encender la ampolleta.
3-1-3|básica|circuito|Se abre el interruptor de un circuito simple de pila y ampolleta. ¿Por qué se apaga?|Se interrumpe el camino conductor.|Un circuito abierto impide la corriente sostenida por la ampolleta.|Aumenta necesariamente la corriente.|Abrir el camino impide la circulación en ese circuito simple.|La pila pierde instantáneamente toda su carga.|La apertura no significa que se agote la pila.|Se convierte el cable en un imán permanente.|La interrupción no requiere esa transformación del material.
3-1-4|media|electrización|Dos cuerpos neutros se frotan y pasan electrones de A a B. ¿Cómo quedan?|A positivo y B negativo.|A pierde carga negativa y B la gana; se conserva la carga total.|Ambos positivos.|B recibe electrones, por lo que adquiere carga negativa.|A negativo y B positivo.|Invierte el efecto de perder y ganar electrones.|Ambos neutros necesariamente.|El intercambio descrito rompe la igualdad de cargas en cada cuerpo.
3-1-5|media|corriente|Pasan 12 coulomb por una sección de cable en 3 segundos. ¿Cuál es la corriente media?|4 A|I = Q/t = 12/3 = 4 coulomb por segundo.|36 A|Multiplica carga por tiempo; la definición exige dividir.|0,25 A|Invierte la razón t/Q en lugar de Q/t.|12 A|Usa solo la carga y omite el intervalo de 3 segundos.
3-1-6|media|paralelo|Dos resistencias se conectan en paralelo a una pila ideal. ¿Qué magnitud coincide en ambas ramas con la de la pila?|Diferencia de potencial.|Ambas ramas comparten los mismos dos nodos del circuito.|La corriente total en cada rama.|La corriente total se divide entre las ramas; no pasa toda por cada una.|La suma de sus longitudes.|La longitud no es una magnitud que imponga esa conexión eléctrica.|La energía consumida en todo tiempo posible.|Depende del tiempo y de la resistencia; no define la conexión en paralelo.
4-0-0|media|suelo|Con igual suelo seco y agua añadida, atraviesan 80 mL una muestra arenosa y 25 mL una arcillosa en el mismo tiempo. ¿Qué muestran?|En esas condiciones atraviesa más agua la arenosa.|La comparación observada indica distinta permeabilidad bajo el procedimiento usado.|La arcillosa deja pasar más agua.|25 es menor que 80; contradice los registros.|Ambas retienen exactamente igual cantidad.|Con igual aporte y distinto drenaje no se sostiene esa igualdad.|El dato prueba que nunca habrá erosión.|La prueba de drenaje no demuestra ausencia de erosión en cualquier condición.
4-0-1|básica|ecosistema acuático|En un lago se mide temperatura, oxígeno disuelto y abundancia de algas. ¿Cuál es un parámetro biológico?|Abundancia de algas.|Se refiere a organismos vivos presentes en el ecosistema.|Temperatura del agua.|Es un parámetro físico del ambiente.|Concentración de oxígeno disuelto.|Es un parámetro químico, aunque influya sobre organismos.|Profundidad del lago.|Es una característica física del cuerpo de agua.
4-0-2|básica|tectónica|Una placa oceánica se introduce bajo otra en un borde convergente. ¿Cómo se llama el proceso?|Subducción.|Describe el descenso de una placa bajo otra en un límite convergente.|Expansión del fondo oceánico.|Se asocia a separación de placas y creación de corteza en dorsales.|Erosión fluvial.|Es desgaste y transporte por ríos, no descenso de placas.|Meteorización química.|Altera materiales superficiales; no describe la geometría del borde.
4-0-3|media|erosión|Lluvias arrastran sedimentos de una ladera sin vegetación. ¿Qué medida aborda ese mecanismo?|Recuperar cobertura vegetal.|Amortigua el impacto de gotas y las raíces contribuyen a sujetar el suelo.|Retirar todas las raíces restantes.|Reduce la sujeción del suelo y puede agravar la erosión.|Aumentar canales rectos cuesta abajo sin control.|Puede concentrar escorrentía y aumentar arrastre.|Medir solo la temperatura del aire.|Aporta un dato, pero no actúa sobre el desprendimiento y transporte del suelo.
5-0-0|media|variables|Se cultivan plantas con tres dosis de fertilizante y se mide la altura final. ¿Cuál es la variable dependiente?|Altura final de las plantas.|Es la respuesta medida frente a las dosis manipuladas.|Dosis de fertilizante.|Es la variable independiente que cambia el equipo.|Cantidad de riego mantenida igual.|Es una variable controlada, no la respuesta que se mide.|Nombre de cada maceta.|Identifica recipientes; no mide el efecto del tratamiento.
5-0-1|media|diseño|Se estudia cómo la temperatura afecta el tiempo de disolución de azúcar. ¿Qué diseño conviene?|Variar temperatura y mantener volumen, azúcar y agitación constantes.|Permite comparar el tiempo aislando el factor térmico entre condiciones.|Cambiar temperatura y masa de azúcar a la vez.|Introduce otra variable que impide atribuir el cambio solo a temperatura.|No medir el tiempo.|Se perdería la variable respuesta que plantea la investigación.|Usar distinta sustancia en cada temperatura.|La sustancia se vuelve otro factor confundido con la temperatura.
5-0-2|media|investigación|Se compara germinación con y sin luz usando una semilla por condición. ¿Qué mejora el diseño?|Varias semillas comparables por condición y controles de agua y temperatura.|La replicación reduce dependencia de una semilla y los controles separan el factor luz.|Una sola semilla diferente en cada ensayo.|Mantiene la falta de replicación y añade diferencias entre semillas.|Cambiar también riego y temperatura.|Confunde factores y dificulta atribuir efectos a la luz.|Observar solo la condición que germina.|Excluye datos necesarios para comparar las condiciones.
6-0-0|alta|caso de aula|El curso debe distinguir evidencia de opinión sobre aislantes. ¿Qué actividad conviene?|Comparar enfriamiento en recipientes equivalentes y justificar con registros.|Obtiene datos comparables para respaldar afirmaciones sobre aislamiento.|Votar por el material más bonito.|La preferencia estética no informa su capacidad aislante.|Copiar un eslogan del envase.|El mensaje comercial no reemplaza mediciones comparables.|Premiar la respuesta más segura sin revisar datos.|La confianza al hablar no demuestra respaldo experimental.
6-0-1|alta|modelos|Se representan partículas de gas con bolitas en una bolsa. ¿Qué aclaración es necesaria?|Es una representación que no reproduce a escala tamaños ni interacciones.|Distinguir modelo y realidad permite usarlo reconociendo sus alcances.|Las partículas reales son bolitas de plástico.|Confunde el material del modelo con los constituyentes del gas.|El modelo explica todos los fenómenos gaseosos.|Ningún modelo simple cubre sin límites todas las propiedades.|La bolsa es obligatoria en cualquier gas.|El recipiente del modelo no es una condición universal de existencia del gas.
6-0-2|alta|control de variables|Un grupo atribuye crecimiento a música, pero esas plantas recibieron más luz. ¿Qué pregunta ayuda?|¿Cómo separaremos el efecto de la luz del de la música?|Hace visible la variable confundida y orienta un diseño controlado.|¿Qué canción les gusta más?|Desvía la atención del diseño hacia preferencias personales.|¿Cómo confirmamos la idea sin repetir observaciones?|Busca confirmar sin resolver la confusión entre factores.|¿Por qué no eliminamos el grupo de comparación?|Sin comparación sería aún más difícil evaluar la atribución causal.
6-0-3|alta|cambio de estado|Un estudiante dice que el agua desaparece al evaporarse. ¿Qué experiencia ayuda?|Relacionar evaporación y condensación en un sistema cerrado.|Permite reconocer agua en distintos estados sin perder materia al exterior.|Quemar papel para hablar de cenizas.|Cambia el fenómeno y no hace visible la permanencia del agua.|Afirmar que toda materia desaparece al calentarse.|Valida una explicación incompatible con conservación de materia.|Medir solo el color del recipiente.|No muestra el paso del agua entre líquido y vapor.
6-1-0|alta|conocimiento previo|Antes de redes alimentarias, ¿qué conviene indagar?|Distinguir productores y consumidores y el origen de materia y energía.|Esos conocimientos permiten interpretar relaciones alimentarias entre organismos.|Memorizar todos los nombres científicos.|No es requisito para comprender inicialmente las relaciones tróficas.|Calcular áreas de triángulos.|No es un antecedente directamente necesario para la red alimentaria.|Conocer solo el color favorito de cada animal.|No permite inferir cómo obtiene materia y energía.
6-1-1|alta|retroalimentación|Una estudiante cree que las plantas obtienen toda su masa del suelo. ¿Qué evidencia conviene discutir?|Ingreso de CO₂ y agua y formación de materia orgánica.|Permite reconocer fuentes de materia que no provienen solo del suelo.|La altura de la maceta sin medir la planta.|No informa el origen de la materia vegetal.|Que una planta verde no tiene masa.|Es falso y evita explicar de dónde procede su materia.|Que la luz es una sustancia que se acumula como hojas.|Confunde energía luminosa con materia incorporada a los tejidos.
6-2-0|alta|evaluación|Se evalúa justificar una conclusión experimental. ¿Qué desempeño da evidencia directa?|Vincular registros con la conclusión e identificar una limitación.|Muestra cómo los datos sostienen la inferencia y hasta dónde se puede extender.|Copiar la conclusión del docente.|No permite observar la relación que establece el estudiante entre datos e idea.|Nombrar materiales sin analizar registros.|Identifica recursos, pero no fundamenta una conclusión.|Terminar antes que los demás.|La rapidez no evidencia uso de datos para justificar.
6-2-1|alta|instrumento|Para evaluar control de variables, ¿qué tarea informa mejor?|Diseñar una comparación justificando qué cambia, mide y mantiene igual.|Hace observable el razonamiento para aislar factores y medir sus efectos.|Recitar una lista de instrumentos.|No muestra cómo se usarían para controlar variables.|Colorear un dibujo del laboratorio.|No exige una decisión sobre condiciones experimentales.|Copiar resultados sin conocer el procedimiento.|No permite evaluar el diseño ni el control de factores.
3-1-1|media|condensación|Se forman gotas en el exterior de una botella fría. ¿Qué ocurre con el vapor que se condensa?|Libera energía al pasar a líquido.|La condensación transfiere energía desde el agua que cambia de estado hacia su entorno.|Absorbe energía como en evaporación.|Confunde el sentido energético de dos cambios inversos.|Atraviesa siempre el vidrio desde dentro.|Las gotas externas pueden proceder del vapor presente en el aire.|Se transforma en una sustancia distinta.|Sigue siendo agua; cambia de estado físico.
3-1-2|media|energía|Al frenar una bicicleta aumentan de temperatura los discos. ¿Qué transformación lo explica?|Parte de la energía cinética pasa a térmica por fricción.|El movimiento disminuye mientras la interacción de frenado calienta los materiales.|Energía térmica se convierte totalmente en velocidad creciente.|Contradice que la bicicleta frena y los discos se calientan.|La fricción crea energía desde la nada.|Transforma energía del movimiento; no la crea.|Se transforma toda la masa en electricidad.|No describe el proceso mecánico y térmico de los frenos.
3-1-4|media|inducción|Una varilla negativa se acerca a una esfera conductora neutra, sin tocar ni conectar a tierra. ¿Qué ocurre?|Se redistribuyen cargas, pero la carga neta sigue siendo cero.|Las cargas se separan dentro del conductor sin transferencia neta al exterior.|La esfera gana electrones de la varilla necesariamente.|No hay contacto ni otra vía indicada para esa transferencia.|Toda la esfera queda con carga neta positiva.|La redistribución interna no cambia su carga total.|No se mueven cargas en un conductor.|Las cargas libres pueden responder al campo externo.
4-0-1|media|datos|Un lago registra 8 mg/L de oxígeno en superficie y 3 mg/L en el fondo. ¿Qué se concluye solo con esos datos?|La concentración medida fue menor en el fondo.|Compara directamente los dos valores sin inventar una causa.|La contaminación industrial causó la diferencia.|No se midieron fuentes industriales ni se probó ese mecanismo.|No hay organismos en el fondo.|El dato de oxígeno no permite afirmar ausencia de toda vida.|El fondo siempre tendrá 3 mg/L.|Una medición no demuestra constancia en el tiempo.
3-1-0|media|temperatura|Dos vasos tienen agua a 30 °C: uno 100 mL y otro 500 mL. ¿Qué afirmación es adecuada?|Igual temperatura no implica igual energía interna total.|La cantidad de materia también influye en la energía total del sistema.|El de 500 mL debe estar más caliente.|Ambos tienen la misma temperatura medida.|El de 100 mL no contiene energía.|El agua tiene energía interna, aunque su cantidad sea menor.|Temperatura y volumen son la misma magnitud.|Se miden con unidades diferentes y representan propiedades distintas.
5-0-2|media|comparación|Dos plantas crecen tras un tratamiento, sin grupo de control. ¿Qué comparación falta?|Plantas comparables sin tratamiento y con las demás condiciones iguales.|Permite distinguir el crecimiento asociado al tratamiento del que ocurriría sin él.|Plantas con otro riego y otra luz además.|Introducir más diferencias impide aislar el efecto.|Una fotografía sin fecha de otra especie.|No constituye una comparación temporal ni biológica adecuada.|La opinión sobre cuál maceta es más atractiva.|La preferencia no mide el efecto del tratamiento sobre crecimiento.
4-0-0|media|control experimental|Se compara retención de agua, pero un recipiente tiene doble masa de suelo. ¿Qué ajuste conviene?|Igualar masa y controlar agua, recipiente y tiempo.|Evita atribuir al tipo de suelo lo que puede deberse a su cantidad.|Mantener masas distintas y cambiar también el agua.|Añade factores confundidos y dificulta interpretar la retención.|Comparar únicamente el color.|El color no mide directamente cuánta agua queda retenida.|Concluir antes de añadir agua.|Sin observaciones no hay evidencia de retención bajo las condiciones del ensayo.
