0-0-0|básica|coordenadas|Un punto está en 35° S y 70° O. ¿Qué indica 35° S?|Distancia angular al ecuador hacia el sur.|La latitud se mide desde el ecuador y distingue hemisferio norte o sur.|Distancia en kilómetros a Greenwich.|La coordenada está en grados y refiere al ecuador, no kilómetros a Greenwich.|Altura sobre el nivel del mar.|La altitud no se expresa mediante latitud sur.|Distancia angular al meridiano de Greenwich.|Eso describe longitud, representada aquí por 70° O.
0-0-1|básica|orientación|Con norte arriba, una biblioteca está dos cuadras a la derecha y una abajo de la plaza. ¿Dónde se ubica respecto de ella?|Sureste.|La derecha corresponde al este y abajo al sur.|Noroeste.|Combina izquierda y arriba; es la dirección opuesta.|Noreste.|Reconoce este, pero confunde el desplazamiento hacia abajo con norte.|Suroeste.|Reconoce sur, pero confunde derecha con oeste.
0-0-2|media|escala|En un mapa 1:200.000, dos lugares distan 4 cm. ¿Qué distancia real representa?|8 km.|4 × 200.000 = 800.000 cm, equivalentes a 8 km.|800 km.|Convierte centímetros a kilómetros usando un factor incorrecto.|0,8 km.|Pierde un factor de diez al convertir 800.000 cm.|50.000 km.|Divide la escala por la medida sin respetar la relación representativa.
0-1-0|básica|geografía física|¿Dónde se extiende, en general, la cordillera de los Andes en Sudamérica?|Cerca del borde occidental.|Los Andes recorren el sector oeste sudamericano a lo largo del margen del Pacífico.|Solo junto al Atlántico oriental.|La cordillera principal se sitúa al oeste, no en el litoral atlántico.|Exclusivamente en islas del Caribe.|Se extiende por varios países continentales sudamericanos.|En una franja horizontal ecuatorial únicamente.|Su extensión es principalmente longitudinal norte-sur, no solo ecuatorial.
0-1-1|media|zonas naturales|Una zona chilena presenta lluvias invernales, veranos secos y valles de clima mediterráneo. ¿Cuál es?|Zona Central.|La estacionalidad de lluvias y sequía estival caracteriza el ambiente mediterráneo de esta zona.|Norte Grande.|Predominan condiciones áridas; no corresponde al patrón mediterráneo descrito.|Zona Austral.|Presenta condiciones más frías y lluviosas en amplios sectores, no ese patrón típico.|Antártica chilena.|Su ambiente polar no corresponde a valles mediterráneos agrícolas.
0-1-2|media|recursos|Una cuenca tiene agricultura, minería y consumo humano con escasez de agua. ¿Qué información ayuda a evaluar opciones?|Disponibilidad, usos, necesidades humanas y efectos ecológicos.|Relaciona oferta de agua, demandas y consecuencias para decidir en un sistema compartido.|Solo el nombre de la empresa más grande.|Identificar un actor no permite analizar disponibilidad ni necesidades totales.|Solo el color del mapa.|El color sin variable ni datos no fundamenta gestión hídrica.|Únicamente la producción minera del último día.|Un uso y un momento no representan el balance de la cuenca.
0-1-3|media|densidad|A tiene 240.000 habitantes en 8.000 km² y B tiene 180.000 en 3.000 km². ¿Cuál es más densa?|B: 60 habitantes/km².|A tiene 30 y B 60; se divide población por superficie.|A, porque tiene más habitantes.|Confunde población total con densidad, que considera superficie.|Ambas tienen igual densidad.|Los cocientes son distintos: 30 y 60.|B: 3.000 habitantes/km².|Usa el valor del área como si fuera densidad.
0-2-0|media|ambiente|Se rellena un humedal para construir bodegas. ¿Qué efecto debe evaluarse?|Pérdida de hábitat y de regulación local del agua.|El humedal sostiene organismos y puede almacenar o amortiguar flujos de agua.|Aumento garantizado de biodiversidad.|Eliminar hábitat no permite asegurar ese aumento.|Ausencia de efectos fuera del terreno.|Los flujos de agua y organismos conectan el sitio con su entorno.|Creación automática de agua potable.|El relleno no genera agua potable ni garantiza su tratamiento.
0-2-1|media|ciudad|Aumenta el pavimento y disminuyen áreas permeables. Con lluvias similares, ¿qué cambio conviene investigar?|Mayor escorrentía superficial.|La menor infiltración puede aumentar el agua que circula por superficie y drenajes.|Desaparición de toda lluvia.|Pavimentar no elimina las precipitaciones del clima.|Mayor infiltración necesariamente.|Las superficies impermeables tienden a reducirla, no a aumentarla.|Reducción garantizada de todas las inundaciones.|El pavimento puede aumentar presión sobre drenajes; no asegura esa reducción.
1-0-0|media|tiempo histórico|Una escuela se inaugura en un día y la escolarización se expande durante décadas. ¿Qué distinción corresponde?|Acontecimiento y proceso, respectivamente.|La inauguración es un hecho situado; la expansión reúne cambios a lo largo del tiempo.|Ambos son solo acontecimientos instantáneos.|La expansión prolongada no se reduce a un momento único.|La inauguración dura necesariamente siglos.|Confunde el acto de inauguración con la historia de la institución.|Un proceso no incluye acontecimientos.|Los procesos históricos articulan múltiples hechos y transformaciones.
1-0-1|media|temporalidad|Se compara Chile y Argentina durante una misma década. ¿Qué perspectiva temporal predomina?|Sincrónica.|Compara situaciones de distintos espacios en un periodo compartido.|Diacrónica exclusivamente.|La diacronía enfatiza cambios a través del tiempo, no la simultaneidad indicada.|Anacrónica necesariamente.|Comparar contemporáneos no introduce por sí mismo un anacronismo.|Atemporal.|La investigación sí sitúa los hechos en una década definida.
1-1-0|media|democracia ateniense|¿Qué contraste con una democracia contemporánea es pertinente sobre Atenas clásica?|La participación política estaba restringida a ciudadanos varones.|Mujeres, personas esclavizadas y otros habitantes quedaban excluidos de esa ciudadanía política.|Todos sus habitantes votaban en igualdad.|Confunde habitantes con el grupo restringido de ciudadanos.|No existía ninguna participación ciudadana.|La asamblea y otras instituciones incluían participación de ciudadanos.|Se elegía por voto universal al presidente nacional.|Proyecta instituciones contemporáneas sobre una polis antigua.
1-1-1|media|sociedades|Se comparan terrazas andinas y agricultura en zonas de crecidas fluviales. ¿Qué conclusión es adecuada?|Distintas sociedades crearon técnicas ligadas a ambientes y necesidades.|Relaciona soluciones agrícolas con contextos sin establecer superioridad cultural automática.|Una técnica prueba inferioridad humana de sus usuarios.|No se puede derivar una jerarquía humana de diferentes adaptaciones técnicas.|El ambiente no influye nunca en la agricultura.|Relieve y disponibilidad de agua condicionan los problemas agrícolas.|Ambas técnicas exigen exactamente el mismo relieve.|Terrazas y crecidas fluviales responden a condiciones espaciales diferentes.
1-1-2|media|civilizaciones|¿Qué contraste general entre mayas e incas es adecuado?|Ciudades-Estado mayas y amplia articulación territorial del Estado inca.|Distingue formas de organización política sin negar diversidad histórica interna.|Ambos constituyeron un único Estado común.|Fueron sociedades y organizaciones territoriales distintas.|Los incas no construyeron caminos.|Su red vial fue importante para conectar el territorio.|Los mayas vivían exclusivamente en Sudamérica austral.|Su desarrollo se sitúa en Mesoamérica, no en el extremo sur sudamericano.
1-1-3|media|expansión europea|¿Qué factores ayudan a explicar exploraciones europeas de los siglos XV y XVI?|Intereses comerciales, apoyo monárquico y avances de navegación.|Articula incentivos económicos, respaldo político y medios técnicos.|Existencia de motores de combustión modernos.|Esos motores pertenecen a siglos posteriores.|Desaparición total del comercio europeo.|Había intereses por ampliar y controlar intercambios, no ausencia de comercio.|Uso generalizado de navegación satelital.|Los satélites son tecnología muy posterior y constituyen anacronismo.
1-1-4|alta|fuentes|Dos relatos de conquista describen de manera opuesta un encuentro. ¿Cómo analizarlos rigurosamente?|Contrastar autoría, contexto, propósito y otras evidencias.|Permite examinar perspectivas y sustento sin aceptar una versión por su apariencia.|Elegir el más largo como verdadero.|La extensión no garantiza precisión ni elimina sesgos.|Descartar ambos sin leerlos.|Las diferencias también informan perspectivas históricas y requieren análisis.|Aceptar el primero que se encontró.|El orden del hallazgo no es criterio de confiabilidad.
1-1-5|media|fuentes coloniales|Un registro enumera exportaciones y una carta comercial describe problemas de transporte. ¿Cómo usarlos juntos?|Relacionar productos y cantidades con condiciones del intercambio.|Los documentos aportan tipos de información complementarios para contextualizar la actividad.|Suponer que ambos miden exactamente lo mismo.|Un registro cuantitativo y una experiencia epistolar tienen alcances distintos.|Descartar la carta porque no tiene una tabla.|Los testimonios pueden aportar información contextual relevante.|Sumar palabras de la carta como toneladas exportadas.|Confunde una unidad textual con la magnitud económica estudiada.
1-1-6|media|independencia|Una junta de 1810 declara gobernar en nombre del rey cautivo. ¿Qué precaución corresponde?|No equipararla automáticamente con independencia definitiva inmediata.|Las posiciones y objetivos cambiaron; la lealtad declarada exige contextualizar el proceso.|Afirmar que Chile nunca llegó a independizarse.|La declaración inicial no determina para siempre la evolución posterior.|Suponer que proclamó una república en esos mismos términos.|El texto expresa gobierno en nombre del rey, no necesariamente esa proclamación.|Negar cualquier conflicto político de la época.|Las juntas se insertan en una crisis política y de soberanía.
1-1-7|media|organización republicana|Una línea temporal distingue constituciones de 1823 y 1828 y leyes federales de 1826. ¿Qué muestra?|Intentos de organización estatal mediante instrumentos diferentes.|Las leyes federales no deben presentarse automáticamente como una constitución federal promulgada.|Una única constitución sin cambios entre esos años.|La secuencia registra distintos ensayos institucionales.|Que en 1826 dejó de existir toda norma.|Hubo leyes federales; no ausencia completa de regulación.|Que toda ley es necesariamente una constitución.|Son instrumentos jurídicos distintos en jerarquía y alcance.
1-1-8|media|Constitución de 1833|Una ficha destaca Ejecutivo con amplias atribuciones y organización unitaria en 1833. ¿Qué interpretación sostiene?|Fortalecimiento de autoridad central y del Ejecutivo.|Ambos rasgos apuntan a concentrar capacidad de conducción estatal.|Supresión completa de toda autoridad nacional.|Contradice el fortalecimiento del Ejecutivo señalado.|Formación de estados federados soberanos.|La organización descrita es unitaria, no federal.|Participación política igualitaria de todos los habitantes.|Las atribuciones ejecutivas no demuestran sufragio universal ni igualdad de participación.
1-1-9|media|territorio|¿Qué transformación territorial se relaciona con la Guerra del Pacífico y acuerdos posteriores?|Incorporación a Chile de territorios septentrionales antes peruanos y bolivianos.|El conflicto y su resolución modificaron fronteras en el norte.|Incorporación de todo Brasil a Chile.|No ocurrió ni corresponde a los territorios del conflicto.|Traslado de la capital a Lima.|La guerra no produjo ese cambio de capital chilena.|Creación de la cordillera de los Andes.|La formación geológica de la cordillera precede enormemente al conflicto.
1-1-10|media|parlamentarismo|Una explicación del parlamentarismo chileno menciona frecuentes cambios de gabinete vinculados al Congreso. ¿Qué permite analizar?|Influencia parlamentaria sobre estabilidad ministerial.|La rotativa ministerial refleja tensiones entre Ejecutivo y fuerzas parlamentarias.|Ausencia de actividad del Congreso.|El dato muestra influencia del Congreso, no su inactividad.|Permanencia de todos los ministros durante décadas.|Contradice la frecuencia de cambios mencionada.|Elección directa de cada ministro por voto popular.|Los cambios de gabinete no implican ese mecanismo electoral.
1-1-11|media|sufragio|La ampliación del voto femenino a elecciones presidenciales y parlamentarias en 1949 expresa ¿qué dimensión?|Extensión de derechos de participación política.|Incorpora a mujeres en elecciones nacionales de las que estaban excluidas.|Eliminación de toda desigualdad social inmediata.|Un derecho político no elimina por sí solo todas las desigualdades.|Suspensión de elecciones nacionales.|La medida amplía participación, no suprime elecciones.|Restricción del sufragio exclusivamente a hombres.|Es lo contrario del alcance de la ampliación de 1949.
1-1-12|media|régimen militar|Se estudian concentración del poder, restricciones a libertades y reformas de mercado desde 1973. ¿Qué enfoque integra esos datos?|Relacionar transformaciones políticas autoritarias y económicas.|Permite analizar dimensiones distintas del mismo periodo sin reducirlo a una sola.|Describir solo precios y omitir instituciones.|Excluye los antecedentes políticos y de libertades indicados.|Afirmar que las políticas económicas nunca se relacionan con poder.|Impide examinar decisiones e instituciones que hacen posibles las reformas.|Presentarlo como ampliación continua del pluralismo electoral.|No concuerda con concentración del poder y restricciones descritas.
1-1-13|básica|cronología|¿Qué secuencia corresponde a la recuperación de la democracia chilena?|Plebiscito de 1988, elecciones de 1989, gobierno democrático desde 1990.|Ordena consulta, elección y asunción presidencial en su secuencia histórica.|Elecciones de 1990, plebiscito de 1991 y asunción en 1992.|Desplaza los hitos respecto de sus fechas.|Asunción en 1988 seguida de plebiscito en 1990.|Invierte el orden de consulta y gobierno democrático.|Plebiscito de 1973 y elecciones de 1974.|No corresponde a los hitos del retorno democrático.
1-1-14|media|cambio y continuidad|Al comparar colonia y república, ¿qué afirmación distingue cambio político y continuidad social?|Cambió la soberanía monárquica, mientras persistieron jerarquías sociales.|La transformación institucional no implica desaparición inmediata de estructuras sociales.|Todas las relaciones sociales se igualaron al día siguiente.|Supone un cambio total e instantáneo que no se deriva de la independencia.|No cambió ninguna institución política.|La separación de la monarquía implica cambios fundamentales.|La independencia eliminó toda diferencia económica.|Confunde soberanía política con igualdad económica completa.
2-0-0|media|Estado de derecho|Una autoridad impugna una sentencia usando recursos legales. ¿Qué principio se observa?|Sujeción de la autoridad a procedimientos y controles jurídicos.|La autoridad utiliza mecanismos previstos por el ordenamiento para cuestionar la decisión.|Poder ilimitado por ocupar un cargo.|El uso de recursos reconoce límites y procedimientos, no poder absoluto.|Ausencia de toda posibilidad de revisión.|Precisamente utiliza una vía prevista para revisar la decisión.|Obligación del tribunal de aceptar toda orden política.|Los recursos no equivalen a subordinación automática del tribunal.
2-0-1|básica|funciones estatales|Un tribunal competente resuelve una controversia jurídica. ¿Qué función ejerce principalmente?|Jurisdiccional.|Aplica el derecho para resolver un conflicto sometido a su conocimiento.|Legislativa.|Crear leyes generales no es lo que describe resolver ese litigio.|Electoral de campaña.|Una campaña busca apoyo político; no resuelve controversias judiciales.|Administración de una empresa privada.|No corresponde a la función pública del tribunal descrito.
2-0-2|media|democracia|¿Qué situación es compatible con pluralismo democrático?|La oposición puede organizarse, criticar y competir bajo reglas comunes.|Reconoce diversidad política y participación de alternativas al gobierno.|Se prohíbe toda crítica al gobierno.|Suprime la expresión de posiciones políticas distintas.|Solo puede existir el partido gobernante.|Excluye la competencia y diversidad propias del pluralismo.|Se anula el voto de quien discrepa.|Niega igualdad de participación por su opinión política.
3-0-0|alta|evidencia histórica|El curso investigará cambios del barrio. ¿Qué actividad trabaja evidencia histórica?|Comparar fotos fechadas, planos y testimonios.|Permite fundamentar cambios y continuidades con distintas fuentes contextualizadas.|Inventar fechas para completar huecos.|Introduce información sin respaldo documental.|Elegir la foto más bonita y no contextualizarla.|La preferencia estética no permite establecer transformaciones temporales.|Memorizar el nombre de una calle solamente.|No recoge evidencia suficiente sobre cómo cambió el barrio.
3-0-1|alta|representación|Un curso confunde pendiente y altura. ¿Qué recurso ayuda?|Perfiles con igual altura final y distinta distancia horizontal.|Hace visible que la inclinación depende de la relación entre ascenso y recorrido.|Fotos sin escala ni referencias.|No permiten comparar de forma controlada altura e inclinación.|Una lista de capitales.|No representa las magnitudes confundidas.|Un perfil sin ejes rotulados como único ejemplo.|Sin ejes ni contraste puede mantenerse la confusión.
3-0-2|alta|explicación docente|¿Qué ejemplo precisa el concepto de densidad de población?|Comparar habitantes por km², indicando población y superficie.|Vincula la razón con ambas magnitudes y permite interpretar concentración espacial.|Comparar solo población total.|Sin superficie no se distingue densidad de cantidad de habitantes.|Contar edificios sin relación con habitantes.|No mide directamente población por unidad de superficie.|Medir temperatura media del lugar.|Describe clima, no concentración poblacional.
3-0-3|alta|recursos|Se investigan perspectivas sobre una migración local. ¿Qué recursos convienen?|Estadísticas contextualizadas y testimonios de diversos actores.|Permiten combinar magnitudes con experiencias y examinar límites de cada fuente.|Una opinión aislada presentada como universal.|No representa diversidad ni permite contrastar perspectivas.|Un mapa sin fecha ni origen.|Falta contexto para interpretar su relevancia en el fenómeno.|Solo un listado de países memorizado.|No aborda experiencias, causas o consecuencias de esa migración.
3-0-4|alta|multicausalidad|¿Qué actividad desarrolla explicación multicausal histórica?|Relacionar factores políticos, económicos y sociales usando evidencias.|Exige justificar cómo interactúan distintas condiciones en un proceso.|Elegir una causa única sin contrastarla.|Reduce el fenómeno antes de examinar relaciones causales.|Ordenar nombres alfabéticamente.|Organiza palabras, pero no explica el proceso.|Copiar una fecha diez veces.|Puede reforzar recuerdo, no una explicación de múltiples factores.
3-0-5|alta|error cartográfico|Un estudiante interpreta fronteras de un mapa antiguo como actuales. ¿Qué ayuda conviene?|Comparar mapas fechados y contextualizar sus cambios.|Relaciona la representación territorial con su momento histórico.|Borrar la fecha del mapa antiguo.|Oculta la información necesaria para revisar la interpretación.|Aceptar que las fronteras nunca cambian.|Refuerza la suposición errónea.|Usar solo colores iguales en todos los mapas.|El color no sustituye el análisis temporal de los límites.
3-1-0|alta|conocimiento previo|Antes de escala cartográfica, ¿qué conviene indagar?|Relación entre unidades, medidas y proporcionalidad.|Es necesaria para vincular distancia representada y distancia real.|Solo nombres de continentes.|No informa si comprenden la relación proporcional de medidas.|Preferencia por dibujar con lápiz o tinta.|No es un conocimiento previo del concepto de escala.|Memorización de presidentes.|No permite diagnosticar las nociones métricas requeridas.
3-1-1|alta|causalidad|Un estudiante dice que dos hechos son causales porque ocurrieron el mismo año. ¿Qué retroalimentación ayuda?|Pedir evidencia de un mecanismo y considerar alternativas.|La coincidencia temporal no basta para demostrar una relación causal.|Confirmar que simultaneidad siempre implica causalidad.|Reproduce la confusión que debe revisarse.|Ordenarlos por longitud de sus nombres.|No examina la relación entre los procesos.|Cambiar la fecha sin evidencia.|Altera datos para sostener una explicación en vez de revisarla.
3-2-0|alta|evaluación|Se busca contrastar perspectivas en dos fuentes. ¿Qué desempeño muestra logro?|Justificar acuerdos y diferencias con autoría, contexto y propósito.|Analiza contenido y condiciones de producción que explican las perspectivas.|Copiar ambas fuentes sin comentar.|No hace observable el contraste entre posiciones.|Contar las letras del título.|No informa interpretación de perspectivas.|Elegir la que coincide con la propia opinión sin justificar.|La preferencia personal no reemplaza análisis fundamentado.
3-2-1|alta|instrumento|Se evalúa explicar un problema territorial con mapas y datos. ¿Qué instrumento conviene?|Tarea de análisis con criterios espaciales, de datos y fundamentación.|Los criterios corresponden a los componentes del desempeño solicitado.|Lista que puntúa solo puntualidad.|Evalúa cumplimiento, no explicación territorial.|Dictado de nombres geográficos exclusivamente.|No recoge uso de mapas y datos para explicar.|Rúbrica que valora únicamente el colorido.|La apariencia no evidencia la fundamentación espacial.
3-2-2|alta|evaluación formativa|Varios grupos confunden opinión del autor con hecho comprobado. ¿Qué acción es formativa?|Analizar un ejemplo, acordar criterios y permitir corregir.|Usa la evidencia de dificultad para orientar una mejora observable.|Poner una nota sin devolver comentarios.|No ofrece orientación para revisar la distinción.|Cambiar a otro tema sin retomar el error.|Desaprovecha la información recogida durante el aprendizaje.|Exigir copiar el mismo texto más rápido.|La velocidad de copia no resuelve el criterio de interpretación.
0-1-0|media|Chile físico|¿Qué rasgo contribuye a la diversidad climática del Chile continental?|Extensión latitudinal junto con relieve e influencia oceánica.|La posición norte-sur interactúa con altitud, barreras orográficas y océano.|Igual latitud en todo el territorio.|El territorio abarca numerosas latitudes.|Ausencia de relieve montañoso.|Chile presenta importantes cordilleras que influyen en condiciones locales.|Distancia idéntica al ecuador en todas sus ciudades.|Las ciudades se ubican a distintas latitudes y distancias angulares.
1-1-8|alta|fuente didáctica|Una ficha presenta una autoridad del XIX que defiende centralizar poder para asegurar orden. ¿Qué pregunta permite analizarla críticamente?|¿Qué problemas buscaba resolver y qué grupos ganaban o perdían poder?|Sitúa la propuesta en conflictos, intereses y consecuencias institucionales.|¿Cuál es la palabra más larga del texto?|Es un rasgo formal que no examina la posición política.|¿Por qué toda centralización beneficia a todos por igual?|Da por cierta una consecuencia universal que debería investigarse.|¿Cómo demostrar que nunca hubo oposición?|Presupone una ausencia de conflicto sin contrastar evidencias.
0-0-2|media|leyenda|Dos mapas usan color oscuro: uno para densidad y otro para altitud. ¿Qué debe consultar el lector?|La leyenda y la variable de cada mapa.|El significado del color depende de la codificación y el fenómeno representado.|Solo el color, porque siempre significa lo mismo.|Un mismo color puede representar variables diferentes.|El número de letras de sus títulos.|No permite interpretar la codificación temática.|La orientación del papel únicamente.|La orientación no define qué valor representa cada color.
0-1-3|media|densidad urbana|Una ciudad pasa de 100.000 habitantes en 50 km² a 120.000 en 80 km². ¿Cómo cambia la densidad?|Baja de 2.000 a 1.500 habitantes/km².|El área crece proporcionalmente más que la población: 100.000/50 y 120.000/80.|Aumenta porque hay más habitantes.|Ignora el crecimiento simultáneo de la superficie.|No cambia porque ambas cifras aumentan.|Aumentar ambas magnitudes no mantiene necesariamente su razón.|Pasa de 50 a 80 habitantes/km².|Usa los valores del área como si fueran densidades.
1-0-0|alta|interpretación histórica|Dos historiadores usan fuentes semejantes, pero enfatizan causas económicas y políticas. ¿Por qué pueden diferir?|Sus preguntas y marcos orientan relaciones que deben sostener con evidencia.|Una interpretación selecciona y articula datos desde problemas de análisis explícitos.|Toda interpretación vale aunque contradiga todas las fuentes.|La diversidad de enfoques no elimina la necesidad de evidencia.|Uno necesariamente inventó todas las fuentes.|Diferentes énfasis no demuestran falsificación por sí solos.|La historia consiste solo en repetir fechas.|También implica explicar y argumentar relaciones entre hechos.
1-1-5|media|límites de fuentes|Se usa un registro parroquial colonial de bautismos para estudiar población. ¿Qué límite tiene?|No equivale a un censo completo de todo el territorio.|Registra determinados eventos y personas vinculados a una parroquia, con alcance específico.|Incluye automáticamente a todos los habitantes del país.|Extiende sin fundamento la cobertura del documento local.|No puede aportar ninguna información demográfica.|Sí puede aportar datos si se reconoce su alcance y se contrasta.|Mide directamente toda la producción agrícola.|Su propósito es registrar bautismos, no cosechas.
1-1-13|alta|transición|Se comparan elecciones, reformas y demandas sociales durante la transición democrática. ¿Qué pregunta integra cambio y continuidad?|¿Qué participación se recuperó y qué estructuras o conflictos persistieron?|Relaciona transformaciones institucionales con permanencias que también requieren explicación.|¿Qué fecha permite ignorar todos los años posteriores?|Reduce un proceso a un instante y excluye su evolución.|¿Por qué todos los problemas desaparecieron de inmediato?|Presupone una ruptura total que no se sostiene sin evidencia.|¿Cuántas letras tiene la palabra democracia?|No analiza cambios ni continuidades históricos.
3-0-0|alta|historia oral|El curso entrevistará a vecinos sobre una inundación antigua. ¿Qué preparación mejora los testimonios?|Preguntas abiertas, registro de fecha y contexto, y contraste posterior.|Permite comprender recuerdos situados y compararlos con otras evidencias.|Indicar de antemano qué deben recordar.|Induce respuestas y reduce la autonomía del testimonio.|Eliminar toda diferencia entre relatos al transcribir.|Oculta perspectivas e incertidumbres relevantes.|Presentar cualquier recuerdo como registro exacto e infalible.|La memoria debe contextualizarse y contrastarse, como otras fuentes.
3-0-5|alta|cronología|Un estudiante sitúa 1200 d. C. antes de 500 a. C. porque compara cifras. ¿Qué ayuda conviene?|Una línea temporal que distinga a. C. y d. C. con referencias.|Hace visible el sentido del orden temporal y la posición respecto de la referencia común.|Comparar solo 1200 y 500 otra vez.|Mantiene la omisión de las eras que causó el error.|Borrar a. C. y d. C. de ambas fechas.|Elimina la información necesaria para ordenarlas.|Ordenarlas por cantidad de caracteres.|No representa la relación cronológica.
3-2-2|alta|retroalimentación|Una conclusión se apoya en un fragmento sobre otro tema. ¿Qué comentario permite mejorar?|Explica qué parte respalda tu conclusión o busca una fuente pertinente.|Solicita conectar evidencia y afirmación, o revisar la selección de la fuente.|La cita es larga, por lo tanto basta.|La longitud no demuestra pertinencia.|Cambia solo el tamaño de letra.|Modifica presentación, no el respaldo del argumento.|Mantén cualquier cita porque todas sirven.|No todas las fuentes sostienen cualquier conclusión.
