0-0-0|media|reading|What is the main purpose of the library notice?|To explain temporary service changes.|El aviso reúne cambios de horarios, cierre y servicios para una semana.|To advertise a permanent closure.|El cierre del martes es temporal; se anuncian servicios que continúan.|To review a children's story.|Menciona una actividad cancelada, pero no reseña un cuento.|To recruit new librarians.|No solicita personal ni presenta una oferta laboral.|english-library
0-0-1|básica|reading|Until what time will the library open on Wednesday?|Eight in the evening.|El aviso indica 8 p.m. para el miércoles.|Eight in the morning.|Confunde p.m. con a.m.; se anuncia la hora de cierre vespertina.|Six in the evening.|El horario de seis no figura en el aviso.|It will be closed all day.|El cierre anunciado corresponde al martes, no al miércoles.|english-library
0-0-2|media|reading|Which sentence best summarises Anna's change of plans?|She replaces a picnic with an indoor meeting because of rain.|Relaciona el pronóstico con la decisión de reunirse en el café.|She cancels all contact with her friend.|La amiga acepta encontrarse en otro lugar; no cancelan todo contacto.|She goes camping alone.|El relato habla de un café y una amiga, no de acampar sola.|She visits the park after a sunny forecast.|El pronóstico anuncia lluvia y motiva cambiar de lugar.|english-rain
0-0-3|media|reading|Who is the school message mainly addressed to?|Parents or carers.|«Dear families» y «your child» identifican a las familias destinatarias.|Professional chefs applying for work.|No solicita trabajadores; pide autorizaciones e información familiar.|Tourists visiting the town.|El mensaje se refiere a estudiantes del club escolar.|The school bus driver only.|Los permisos y alergias corresponden a familias, no exclusivamente al conductor.|english-club
0-0-4|media|reading|What can readers conclude about returning books on Tuesday?|They can use the outside return box.|El buzón exterior seguirá disponible incluso durante el cierre del martes.|They must wait until next month.|El aviso ofrece devolución por buzón; no exige esperar un mes.|All online accounts will be deleted.|No se anuncia eliminación de cuentas; los servicios en línea continúan.|They must enter the building for every return.|El buzón exterior permite devolver sin entrar al edificio cerrado.|english-library
0-0-5|media|reading|What does “However” introduce in the cycling opinion?|A concern that qualifies support for the new lanes.|Introduce los cruces peligrosos pendientes pese a valorar las ciclovías.|An unrelated story about a library.|El párrafo sigue evaluando seguridad vial y el mismo proyecto.|A claim that every crossing is already safe.|Señala precisamente que algunos cruces necesitan mejoras.|A reason to stop all cycling permanently.|No rechaza toda bicicleta; propone completar mejoras.|english-cycling-opinion
0-0-6|media|reading|What can be inferred from Anna bringing the picnic food home unopened?|The planned picnic did not take place.|Junto con el encuentro en el café, la comida intacta muestra el cambio del plan.|Her friend disliked all food.|No se informa una preferencia alimentaria de la amiga.|The café refused to let them enter.|El relato sitúa a Anna en el café; no dice que se impidiera entrar.|Anna forgot to prepare any food.|El texto afirma que había preparado y llevado la comida.|english-rain
0-0-7|media|reading|Why does Anna suggest the café opposite the park?|To meet indoors away from the rain.|El pronóstico y la posibilidad de sentarse dentro justifican la propuesta.|To attend a concert mentioned in the text.|No se anuncia ningún concierto en el relato.|To buy a bicycle.|No es el propósito del encuentro ni aparece esa compra.|To avoid speaking to her friend.|La propuesta busca mantener el encuentro con la amiga.|english-rain
0-0-8|media|reading|Which view best matches the cycling opinion?|The lanes are welcome, but junctions still need improvement.|Resume apoyo al avance y preocupación por un problema pendiente.|The whole project is useless.|El autor lo llama un primer paso útil.|No further work is needed.|Afirma que hay cruces peligrosos que deben mejorarse.|Cars should be banned everywhere immediately.|Esa propuesta no está formulada ni se deduce del texto.|english-cycling-opinion
0-1-0|media|vocabulary|In the library notice, “remain available” means:|Continue to be accessible.|«Remain» indica continuidad: los servicios pueden seguir utilizándose.|Become permanently forbidden.|Invierte el sentido del aviso, que mantiene disponibilidad.|Be repaired next year.|No expresa una reparación futura ni ese plazo.|Move to another country.|La expresión no indica traslado geográfico.|english-library
0-1-1|media|reference|In “They are a useful first step”, what does “They” refer to?|The new cycle lanes.|Retoma el antecedente plural inmediatamente mencionado.|The library staff.|No hay personal de biblioteca en ese texto de opinión.|The dangerous junctions.|Los cruces se introducen después como problema pendiente, no como el primer avance.|The residents' children.|No se menciona ese grupo como antecedente.|english-cycling-opinion
1-0-0|media|listening|Listen to the garden message. What is its main purpose?|To update arrangements for a volunteer event.|Da lugar, horario, materiales y condiciones para asistir al evento.|To sell tools to professional gardeners.|Las herramientas se proporcionarán; no se anuncia venta a profesionales.|To announce that all events are cancelled.|Se cambia el taller al interior, no se cancelan todas las actividades.|To report yesterday's train delays.|El audio trata de un evento de jardinería, no de trenes.|audio-garden
1-0-1|básica|listening|Which platform will the replacement train leave from?|Platform three.|Se indica plataforma tres en lugar de plataforma uno.|Platform one.|Era la plataforma que se cambia; no la anunciada para el reemplazo.|Platform six.|Confunde el número de la hora con la plataforma.|Platform fifteen.|Toma minutos de la hora del tren cancelado como plataforma.|audio-station
1-0-2|media|listening|What is the cyclist's main benefit from the new commute?|Feeling more awake on arrival.|Al final compara tiempos similares y destaca sentirse más despierto.|Arriving twice as fast as the bus.|Dice que tarda aproximadamente lo mismo que el bus.|Never having to plan a route.|Relata dificultades de ruta y ayuda posterior de un colega.|Earning money from selling bicycles.|No menciona ventas ni ingresos por bicicletas.|audio-cycling
1-0-3|media|listening|Which sentence best summarises the museum instructions?|Prepare bags and materials, meet on time and follow the photo rule.|Integra preparación, encuentro puntual y restricción del flash.|Leave every notebook at home and avoid the workshop.|Pide llevar cuadernos para dibujar y participar en el taller.|Enter alone whenever you want.|El grupo debe reunirse con el guía en cinco minutos.|Photograph everything using flash.|Permite fotos, pero solicita apagar el flash.|audio-museum
1-0-4|media|listening|Why is the seed workshop moving into the library?|Rain is expected in the morning.|El pronóstico de lluvia se presenta como causa explícita del traslado.|The library is selling the garden.|No se menciona venta ni transferencia del jardín.|All volunteers have lost their tools.|Las herramientas serán proporcionadas; no se informa una pérdida.|The event now takes place at midnight.|El audio mantiene la actividad de mañana, con llegada a las diez.|audio-garden
1-0-5|media|listening|What does the cyclist's final comment suggest about the original expectation?|Experience revealed a different benefit from the expected time saving.|Esperaba ahorrar tiempo, pero terminó valorando sentirse más despierto.|The journey became much shorter than every bus trip.|El hablante dice que dura aproximadamente lo mismo que el bus.|The speaker never expected any benefit.|Al comienzo esperaba ahorrar bastante tiempo.|The speaker stopped cycling after the first day.|Relata una primera semana y una ruta posterior mejorada.|audio-cycling
1-0-6|media|listening|What is implied about volunteers who can stay only briefly?|Their help is still welcome.|La expresión de que media hora ayuda permite inferir que se acepta participación breve.|They must stay the whole morning.|El mensaje flexibiliza expresamente esa permanencia.|They need a professional qualification.|Aclara que no necesitan experiencia en jardinería.|They will be charged for leaving early.|No anuncia cobro ni sanción por retirarse antes.|audio-garden
1-0-7|media|listening|Who is the station announcement mainly intended for?|Passengers travelling to Westport.|El saludo identifica destino y luego modifica su servicio de tren.|Garden volunteers.|Son destinatarios de otro mensaje, no del anuncio ferroviario.|Museum guides exclusively.|No se dirige a guías ni trata de una visita al museo.|People buying airline tickets.|Habla de tren, andenes y boletos del servicio ferroviario.|audio-station
1-0-8|media|listening|What is the museum speaker trying to do?|Give practical instructions before a group visit.|Organiza materiales, encuentro con guía y normas durante la visita.|Review the history of every exhibit.|No describe ni evalúa las piezas de la exposición.|Sell large backpacks.|Pide dejarlas en casilleros; no ofrece una venta.|Announce that the museum is closed permanently.|La visita está por comenzar; no se comunica cierre permanente.|audio-museum
1-0-9|media|listening|Which situation best matches the station audio?|A public announcement about a changed train service.|La forma de dirigirse a pasajeros y dar andén y horario sitúa el anuncio.|A private conversation about a school essay.|No se discute una tarea ni es un diálogo privado.|A recipe explaining how to bake bread.|No incluye ingredientes ni instrucciones culinarias.|An interview about cycling routes.|No hay entrevistador ni relato de una ruta en bicicleta.|audio-station
1-1-0|media|listening vocabulary|What does “a quieter route” mean in the cyclist's account?|A route with less traffic or noise than the busy roads.|El contraste con calles transitadas y el paso por parque da sentido a la expresión.|A route that requires speaking loudly.|«Quieter» se refiere a menor ruido o actividad, no a hablar fuerte.|A route through a railway platform.|No se menciona que el trayecto pase por un andén.|A route that is necessarily much shorter.|Ser más tranquila no significa menor tiempo; el audio mantiene duración similar.|audio-cycling
1-1-1|media|listening vocabulary|What does “Keep an eye on the time” mean?|Pay attention to the time.|Es una expresión para vigilar la hora y evitar llegar tarde.|Close one eye throughout the visit.|Interpreta literalmente un modismo sobre atención al tiempo.|Draw a picture of an eye.|El contexto no pide un dibujo de un ojo.|Remove every clock from the museum.|No solicita modificar relojes, sino atender al horario.|audio-museum
2-0-0|media|grammar|Which sentence expresses an obligation under a cycling club's rules?|Members must wear a helmet.|«Must» expresa obligación de cumplir la regla.|Members might wear a helmet.|«Might» indica posibilidad, no obligación.|Members used to wear a helmet.|Describe un hábito pasado, no una exigencia actual.|Members needn't wear a helmet.|Expresa ausencia de obligación, lo contrario de lo pedido.
2-0-1|media|grammar|Which sentence uses the pattern after “avoid” correctly?|She avoids driving at night.|«Avoid» se construye con una forma en -ing cuando lo sigue otro verbo.|She avoids to drive at night.|El infinitivo con «to» no corresponde a ese patrón.|She avoids drive at night.|Falta la forma -ing requerida después de «avoid».|She avoids drove at night.|La forma de pasado no funciona como complemento en esa estructura.
2-0-2|media|language function|In class, what is the main function of “Please close the window”?|A request expressed with an imperative.|El imperativo, atenuado por «please», solicita una acción al interlocutor.|A report of yesterday's event.|No informa una acción pasada; pide que se realice.|A prediction of next year's weather.|No predice clima ni refiere al próximo año.|A question about ownership of a window.|No pregunta a quién pertenece el objeto.
2-0-3|media|reported speech|On Monday Lena said, “I am working from home today.” Reporting on Tuesday with normal backshift, which is appropriate?|Lena said she was working from home the day before.|Ajusta presente continuo a pasado continuo y «today» al día anterior.|Lena said she is working from home tomorrow.|No aplica el retroceso pedido y cambia la referencia al futuro.|Lena said she has work from home yesterday.|La estructura verbal es incorrecta para informar ese enunciado.|Lena said she had never worked from home.|Introduce negación y una experiencia no expresadas por Lena.
2-0-4|media|grammar|In “The unusually quiet room surprised us”, what does “unusually” modify?|Quiet.|El adverbio modifica el adjetivo que caracteriza al sustantivo «room».|Room directly as an adjective.|«Unusually» no es adjetivo que determine directamente el sustantivo.|Us.|El pronombre objeto no es el elemento graduado por el adverbio.|Surprised only.|La posición y sentido vinculan el adverbio con «quiet», no con la acción principal.
2-0-5|media|connector|Complete: “The road was flooded; ___, the bus took a different route.”|therefore|Introduce la consecuencia de la inundación sobre el recorrido.|nevertheless|Marca contraste concesivo; aquí la segunda acción resulta de la primera.|before|No introduce adecuadamente una oración independiente de consecuencia.|unless|Introduce condición negativa y no encaja en esa relación ni puntuación.
2-0-6|media|phrasal verb|“The match was put off until Friday.” What does “put off” mean here?|Postponed.|«Until Friday» permite interpretar que el partido se aplazó.|Won.|No expresa ganar un partido; indica cambio de fecha.|Started earlier.|Es el sentido opuesto a aplazar hasta otro día.|Played twice.|No informa repetición del encuentro.
2-0-7|media|pragmatics|At dinner, “Could you pass the salt?” most likely functions as:|A polite request.|Aunque tiene forma interrogativa sobre capacidad, solicita una acción cortés.|A medical test of arm strength.|El contexto de comida favorece pedir la sal, no evaluar fuerza.|A statement that the salt is missing.|No afirma ausencia; solicita que alguien la pase.|A ban on using salt.|La petición no prohíbe su uso.
3-0-0|alta|classroom|Two learners hold different timetable details and must plan a trip. Why can this encourage interaction?|They need each other's information to complete a shared task.|La brecha de información da un propósito al intercambio oral.|Both already know every answer.|Si todo se conoce, desaparece la necesidad informativa descrita.|No meaning needs to be understood.|Acordar un viaje exige comprender los horarios del compañero.|The activity only tests handwriting.|El objetivo exige negociar información, no evaluar caligrafía.
3-0-1|alta|classroom|Which activity fits task-based practice of requests?|Agree on a class event by asking peers for needed resources.|Las peticiones sirven a un resultado comunicativo compartido.|Copy the word “request” twenty times.|La copia no utiliza peticiones para conseguir un objetivo comunicativo.|Translate unrelated words without using them.|No construye una tarea con interacción y resultado común.|Identify colours without speaking or deciding.|No requiere producir ni comprender las peticiones planteadas.
3-0-2|alta|writing|Learners will write a complaint email. Which sequence provides useful support?|Analyse a model, draft, receive feedback and revise.|Articula propósito, recursos del género y mejora del propio texto.|Copy an unrelated poem and publish it.|Cambia género y propósito sin apoyar la queja por correo.|Submit immediately with no planning or revision.|Elimina apoyos para organizar y mejorar la escritura.|Memorise email addresses only.|No enseña a construir el mensaje de queja.
3-0-3|alta|feedback|An invitation includes a date but no location. Which feedback helps revision?|Your reader knows when; add where the event will take place.|Reconoce un logro y señala la información específica que falta.|Use a prettier colour and change nothing else.|No resuelve la ausencia de ubicación.|Delete the date as well.|Quita información útil sin resolver dónde será el evento.|Every sentence is wrong.|Es global e injustificado; no identifica el problema observado.
3-0-4|alta|intercultural learning|Learners compare stories about celebrations. Which instruction supports intercultural understanding?|Compare meanings using details and recognise variation within communities.|Evita estereotipos y fundamenta la comparación en los relatos.|Rank cultures from best to worst.|Introduce una jerarquía que no se sustenta en las experiencias presentadas.|Assume every member celebrates identically.|Borra diversidad interna y fomenta generalizaciones.|Ignore the stories and copy national flags.|No examina los significados culturales que transmiten los textos.
3-0-5|alta|integrated skills|Which sequence integrates four skills around one purpose?|Listen to a proposal, read a summary, discuss changes and write a response.|Integra recepción oral y escrita con producción oral y escrita para responder.|Listen and copy unrelated words only.|No integra las cuatro habilidades mediante un propósito compartido.|Read silently and circle isolated letters.|No incluye interacción oral, comprensión auditiva ni producción escrita significativa.|Repeat sounds without relating them to a message.|La repetición aislada no integra las cuatro habilidades solicitadas.
3-1-0|alta|reflection|After an oral task, which tool supports learner reflection?|A checklist with criteria, performance examples and a next goal.|Conecta autoevaluación con evidencia y una acción de mejora.|A score with no explanation only.|No permite identificar qué mejorar ni con qué evidencia.|A list of unrelated vocabulary.|No ayuda a examinar el desempeño oral ya realizado.|A ranking based only on loudness.|Reduce comunicación a volumen y omite criterios de logro.
3-1-1|alta|resources|A teacher selects a listening video. What should be checked?|Language, length, sound quality and demands fit learners and objective.|Relaciona accesibilidad y desafío con la finalidad de aprendizaje.|Only that it has many online views.|La popularidad no garantiza pertinencia didáctica.|Only that it lasts the entire lesson.|La duración por sí sola no asegura oportunidades de comprensión.|That no learner can understand any part.|La incomprensión total no constituye un desafío ajustado con apoyos.
3-1-2|alta|assessment|The objective is identifying a speaker's purpose. Which assessment aligns?|Listen to a new announcement and identify its purpose using an audible clue.|Recoge comprensión del propósito en un mensaje oral con fundamento.|Copy the announcement's written title only.|No evidencia inferencia del propósito a partir de escucha.|List irregular verb forms.|Evalúa conocimiento gramatical, no el objetivo auditivo propuesto.|Score only accent imitation.|La pronunciación no mide identificación del propósito del emisor.
3-1-3|alta|feedback|A learner says, “Yesterday she go to the market.” Which prompt supports self-correction?|Yesterday signals past time. What past form of “go” fits?|Dirige atención a la relación entre marcador temporal y forma verbal.|Speak louder and keep every word.|El volumen no aborda la forma verbal errónea.|Never use the verb “go” again.|Evita el contenido en vez de aprender su forma adecuada.|Change “market” to “school” only.|El cambio de lugar mantiene el problema verbal.
1-0-3|media|listening|Which sentence best summarises the cyclist's experience?|A difficult start led to a better route and a benefit in alertness.|Integra dificultad inicial, ayuda del colega y beneficio final.|Cycling was always much faster from the first day.|Contradice la primera semana y la comparación final con el bus.|The speaker never found a different route.|El colega mostró una ruta más tranquila por el parque.|A bicycle shop offered a free bus ticket.|No se relata ninguna oferta comercial ni un boleto gratuito.|audio-cycling
1-0-4|media|listening|What may happen if the museum group arrives late?|They will have less workshop time.|El hablante conecta tardanza con reducción del tiempo de taller.|They will be allowed to use flash.|La regla de fotos no cambia según la puntualidad.|All large backpacks will become allowed.|La restricción de mochilas sigue vigente.|They will receive a free bicycle.|No se menciona ese beneficio ni una bicicleta.|audio-museum
1-0-6|media|listening|What can passengers infer about tickets for the cancelled service?|They can use them on the announced replacement train.|La aceptación de esos boletos y no ir a boletería indican que sirven para el reemplazo.|They must buy a new ticket in every case.|El audio permite usar los boletos existentes.|They can use them for any flight.|La aceptación se refiere al tren anunciado, no a vuelos.|They should throw them away before boarding.|El boleto sigue siendo necesario y válido para el nuevo servicio.|audio-station
1-0-7|media|listening|Who is the garden message intended for?|People willing to help at a community event.|Se dirige a voluntarios e indica cómo participar aunque no tengan experiencia.|Only professional gardeners with certificates.|Aclara que no es necesaria experiencia en jardinería.|Only train passengers to Westport.|Ese destino no corresponde al evento de jardín.|People attending a midnight concert.|Se trata de un evento de mañana y no de un concierto.|audio-garden
3-0-5|alta|integrated skills|After an interview audio, learners only copy its transcript. What addition improves integration?|Discuss its ideas and write a response for a defined audience.|Usa la comprensión para producir mensajes orales y escritos con propósito.|Copy it again in another colour.|Modifica presentación, no agrega intercambio ni elaboración propia.|Remove listening and count punctuation.|Aleja la tarea del mensaje oral y de la respuesta comunicativa.|Repeat one word without context.|No conecta el contenido comprendido con producción significativa.
3-1-1|alta|resources|An app gives scores but no explanations and needs internet. What should guide adoption?|Compare those limits with the purpose and learners' access conditions.|Evalúa utilidad de la retroalimentación y posibilidades reales de acceso.|Adopt it only because it is fashionable.|La moda no resuelve necesidades de aprendizaje y conectividad.|Assume every score explains every error.|Un número no informa por qué una respuesta falla.|Ignore whether pupils can open it.|Sin acceso efectivo no se garantizan oportunidades de práctica.
0-0-7|media|reading|Why should families report allergies before the cooking session?|So staff can plan ingredients with that information.|El mensaje vincula aviso previo con preparación de ingredientes.|To cancel all gardening permanently.|No plantea cancelar el club ni toda jardinería.|To decide which train platform to use.|El mensaje escolar no trata de servicios ferroviarios.|To replace the permission slip with a recipe.|Pide permisos y alergias como informaciones distintas.|english-club
2-0-4|media|grammar|In “The pupils who finished early helped the others”, what does “who finished early” do?|Identify which pupils helped.|La relativa especificativa delimita el grupo referido por «the pupils».|Describe only when the others arrived.|No informa llegada de otros; caracteriza a quienes ayudaron.|Express a command to finish.|Es una cláusula descriptiva, no una orden.|Replace the main verb “helped”.|El verbo principal permanece; la relativa modifica el sujeto.
2-0-7|media|pragmatics|Beside a closed window, someone says, “It's stuffy in here.” What might this imply?|A request to let fresh air in.|El contexto permite interpretar una petición indirecta de ventilación.|An explicit order to lock every window.|No da esa orden; encerrar más aire iría contra la necesidad sugerida.|A statement that the room is outdoors.|«In here» sitúa al hablante en el interior.|A guarantee of rain tomorrow.|No ofrece un pronóstico; comenta el ambiente de la sala.
