0-0-0|media|género|Un relato tradicional explica el origen de una laguna local con hechos maravillosos ligados a un cerro reconocido. ¿Qué género corresponde?|Leyenda.|Vincula una tradición comunitaria con un lugar identificable y sucesos maravillosos.|Noticia.|No se presenta como información verificable de un acontecimiento reciente.|Instructivo.|No organiza pasos para realizar una acción.|Biografía científica.|No reconstruye una vida documentada, sino un origen tradicional maravilloso.
0-0-1|media|poesía|En «La ventana bostezaba al despertar la casa», ¿qué figura destaca?|Personificación.|Atribuye a una ventana la acción humana de bostezar.|Comparación explícita.|No une dos elementos mediante «como» u otro nexo comparativo.|Enumeración.|No organiza una serie de elementos sucesivos.|Onomatopeya.|No imita gráficamente un sonido, sino que atribuye una conducta humana.
0-0-2|media|métrica|Sin licencias especiales, ¿cuántas sílabas tiene «La luna mira la casa»?|Ocho.|La / lu-na / mi-ra / la / ca-sa suma ocho; termina en palabra llana.|Siete.|No hay encuentro vocálico que permita descontar una sílaba por sinalefa.|Nueve.|La palabra final es llana, por lo que no se agrega una sílaba.|Cinco.|Cuenta palabras en lugar de sílabas métricas.
0-0-3|media|interpretación|En «Sus palabras fueron semillas en mi miedo», ¿qué sentido es más plausible?|Las palabras abrieron una posibilidad de crecimiento o cambio emocional.|La imagen de semillas asocia lo dicho con algo que puede desarrollarse interiormente.|La voz comió semillas al conversar.|Introduce una acción literal no respaldada por la imagen.|El miedo es obligatoriamente una planta real.|Literaliza el vínculo figurado entre emoción y crecimiento.|Las palabras no produjeron ningún efecto.|La metáfora les atribuye precisamente una capacidad de germinar o transformar.
0-0-4|media|efecto poético|¿Qué aporta «Los faroles eran luciérnagas inmóviles» a una escena nocturna?|Una imagen luminosa y pequeña asociada a la naturaleza.|Relaciona las luces urbanas con insectos luminosos para representar su apariencia.|Una descripción técnica del circuito eléctrico.|No explica conexiones ni componentes de los faroles.|La afirmación literal de que los faroles son insectos.|La identificación funciona figuradamente dentro de la descripción.|Una instrucción para apagar la ciudad.|No solicita ninguna acción a un destinatario.
0-0-5|media|cómic|¿Qué tema desarrolla el cómic del ahorro de agua?|La distancia entre recomendar cuidar agua y actuar coherentemente.|La recomendación contrasta con alejarse dejando la llave goteando.|La necesidad de regar únicamente de noche.|Ninguna viñeta establece esa regla horaria.|La reparación completa de una llave.|El goteo continúa; no se muestra una reparación.|La imposibilidad de que las plantas necesiten agua.|La planta interviene sobre el uso del agua, no niega su necesidad.|comic-agua
0-0-6|media|cómic|¿Qué aporta «ploc, ploc» en la segunda viñeta?|Representa el goteo y refuerza el contraste con el consejo inicial.|La onomatopeya hace perceptible el agua que sigue cayendo.|Señala que transcurrieron veinte años.|No funciona como cartela temporal; imita un sonido.|Nombra a la persona que sale del jardín.|No es un nombre propio, sino reproducción del goteo.|Indica que la llave quedó totalmente cerrada.|El sonido y las gotas muestran que continúa perdiendo agua.|comic-agua
0-1-0|básica|géneros|Un texto narra infancia, formación y obras de una investigadora con fechas y hechos de su vida. ¿Qué género es?|Biografía.|Reconstruye acontecimientos de una trayectoria personal.|Receta.|No enumera ingredientes ni procedimientos culinarios.|Editorial.|No predomina una postura institucional sobre un asunto público.|Reglamento.|No establece normas de conducta para una comunidad.
0-1-1|media|propósito|Un artículo explica cómo se forman dunas por viento y sedimentos. ¿Qué propósito predomina?|Informar y explicar un fenómeno natural.|Relaciona componentes y procesos para que el lector comprenda su formación.|Ordenar una compra inmediata.|No propone adquirir un producto.|Contar una experiencia íntima del autor.|La descripción corresponde al fenómeno, no a una confesión personal.|Fijar sanciones legales.|No contiene normas ni castigos jurídicos.
0-1-2|media|datos|Una infografía afirma que aumentaron préstamos de libros: 120 en abril y 150 en mayo. ¿Qué relación existe?|Las cifras respaldan un aumento de 30.|150 − 120 = 30; los datos sostienen la afirmación verbal.|Las cifras prueban una disminución.|Mayo presenta un valor mayor, no menor.|Los datos indican igualdad entre meses.|Los dos valores difieren en treinta préstamos.|El aumento fue exactamente 150.|150 es el total de mayo, no la diferencia respecto de abril.
0-1-3|media|enunciación|«Centro vecinal Los Aromos: invitamos a residentes a la reunión del jueves». ¿Quién es el emisor institucional?|El centro vecinal Los Aromos.|Se identifica como organización que formula la invitación.|Todos los residentes invitados.|Son destinatarios del aviso, no necesariamente sus emisores.|El jueves.|Es una referencia temporal, no una persona o institución emisora.|La palabra reunión.|Nombra el evento comunicado, no a quien lo comunica.
0-1-4|media|hecho y opinión|¿Qué enunciado expresa principalmente una valoración?|La biblioteca es el lugar más acogedor de la ciudad.|«Más acogedor» expresa una apreciación que depende de criterios y experiencia.|La biblioteca abrió el 4 de mayo.|Presenta una fecha contrastable con registros.|La sala tiene doce mesas.|Enuncia una cantidad verificable mediante observación.|La dirección es Avenida Central 25.|Comunica una ubicación susceptible de comprobación.
0-1-5|media|medios|Un diario publica sin firma individual un texto que argumenta su posición sobre transporte. ¿Qué género es más probable?|Editorial.|Expresa la postura institucional del medio sobre un asunto público.|Entrevista.|No se presenta mediante preguntas y respuestas a una persona.|Aviso clasificado.|No comunica una oferta breve de bienes o servicios.|Pronóstico meteorológico.|El contenido argumenta sobre transporte, no informa condiciones del tiempo.
1-0-0|media|cohesión|En «María habló con Ana cuando ella salió», ¿qué debe revisarse si importa saber quién salió?|La referencia ambigua de «ella».|El pronombre puede relacionarse con María o Ana; conviene precisar el referente.|La falta de todo verbo.|Sí aparecen «habló» y «salió».|Un error obligatorio de número en «ella».|El problema no es singular/plural, sino cuál persona se retoma.|La imposibilidad de usar nombres propios.|Los nombres son admisibles; hace falta desambiguar el pronombre.
1-1-0|básica|ortografía|¿Qué oración usa correctamente la tilde diacrítica?|Tú trajiste tu cuaderno.|El pronombre personal «tú» lleva tilde y el posesivo «tu» no.|Tu trajiste tú cuaderno.|Invierte las tildes del pronombre y del posesivo.|Tú trajiste tú cuaderno.|El segundo «tu» es posesivo y no debe tildarse.|Tu trajiste tu cuaderno.|Al primer pronombre personal le falta tilde diacrítica.
1-1-1|media|oralidad|Dos estudiantes discrepan sobre el lugar de una salida. ¿Qué intervención ayuda a acordar?|Comparar razones con criterios compartidos de costo, acceso e interés.|Permite deliberar sobre las propuestas usando criterios comprensibles para ambos.|Hablar simultáneamente hasta cansarse.|Impide escuchar y contrastar las razones.|Aceptar al que grita más.|El volumen no fundamenta cuál propuesta satisface los criterios.|Ignorar por completo una de las posturas.|No construye un acuerdo a partir del diálogo.
1-1-2|media|exposición|Una estudiante expondrá resultados de una encuesta. ¿Qué organización ayuda a comprender?|Propósito, datos relevantes y conclusiones fundamentadas.|Orienta al público, presenta evidencia y explica qué se infiere de ella.|Solo leer números sin nombrar variables.|Sin contexto, la audiencia no sabe qué significan los datos.|Comenzar con conclusiones ajenas a la encuesta.|No conecta afirmaciones con la evidencia presentada.|Mezclar preguntas sin explicar cuál se investigó.|Dificulta identificar propósito y sentido del resultado.
2-0-0|alta|enseñanza literaria|Se busca distinguir narrador y autor. ¿Qué actividad es pertinente?|Contrastar un relato en primera persona con información de quien lo escribió.|Permite reconocer una voz construida en el texto y diferenciarla de la persona real.|Suponer que todo «yo» reproduce exactamente la vida del autor.|Refuerza la identificación que se quiere revisar.|Cambiar todos los verbos por sustantivos.|No aborda la relación entre voz narrativa y autoría.|Memorizar solo el título.|No hace observable la distinción conceptual.
2-0-1|alta|inferencia|Un estudiante formula una inferencia que no relaciona con la lectura. ¿Qué ayuda conviene?|Pedir pistas y explicar cómo sostienen su conclusión.|Hace visible el vínculo entre evidencia textual e interpretación.|Premiar cualquier ocurrencia aunque contradiga el texto.|La inferencia requiere fundamento, no solo imaginación.|Dar por incorrectas todas las inferencias.|La lectura admite deducciones si se apoyan en pistas.|Cambiar de texto sin analizar la dificultad.|Evita revisar el razonamiento observado.
2-0-2|alta|revisión escrita|Un borrador de noticia tiene datos pertinentes pero desordenados. ¿Qué conviene priorizar?|Reorganizar según propósito y relaciones entre hechos.|Atiende el problema de estructura antes de limitarse a aspectos superficiales.|Corregir solo el color de letra.|No mejora la secuencia ni la jerarquía informativa.|Borrar todos los hechos pertinentes.|Destruye contenido útil sin resolver su organización.|Publicarlo sin cambios porque tiene datos.|La pertinencia no basta si el orden impide comprenderlos.
2-0-3|alta|conversación|¿Qué actividad enseña a sostener una conversación argumentada?|Discutir una decisión cercana con turnos, razones y preguntas aclaratorias.|Integra escuchar, fundamentar y responder a las posiciones ajenas.|Copiar diálogos sin intercambiar opiniones.|No ofrece práctica real de deliberación oral.|Competir para interrumpir más veces.|Dificulta escuchar y construir razones compartidas.|Leer palabras aisladas sin interlocutor.|No ejercita la interacción argumentativa buscada.
2-0-4|alta|investigación|Un grupo investigará uso de agua en la escuela. ¿Qué apoyo es pertinente al comenzar?|Delimitar la pregunta y seleccionar fuentes o registros para responderla.|Da dirección a la búsqueda y vincula información necesaria con el problema.|Reunir cualquier imagen sin una pregunta.|La acumulación sin foco no asegura pertinencia.|Redactar una conclusión definitiva antes de investigar.|Predetermina el resultado sin evidencia.|Copiar una investigación ajena sin analizarla.|No desarrolla el proceso propio de formular y responder una pregunta.
2-0-5|alta|gramática en contexto|Un estudiante escribe «mi perro y mi gato es pequeños». ¿Qué comentario ayuda?|Hay dos animales: revisa el verbo que concuerda con ese sujeto plural.|Relaciona la forma «son» con un sujeto compuesto; el adjetivo ya está en plural.|Cambia «pequeños» a singular y conserva «es».|Mantendría la discordancia con el sujeto compuesto.|Elimina un animal sin discutir la oración.|Evita comprender la concordancia del sujeto que quiso expresar.|Corrige solo el tamaño de letra.|No aborda la relación gramatical que origina el problema.
2-0-6|alta|recursos|Se quiere comparar un texto explicativo y un diagrama del ciclo del agua. ¿Qué selección conviene?|Materiales complementarios con etiquetas legibles y relaciones contrastables.|Ofrecen información suficiente para vincular formas verbal y visual.|Un diagrama sin rótulos y un texto de otro tema.|No permite comparar información sobre el mismo fenómeno.|Solo una lista de colores del diagrama.|No hace visible la relación entre conceptos y procesos.|Dos páginas ilegibles por igual.|La falta de acceso al contenido impide el análisis propuesto.
2-0-7|alta|comprensión|Un estudiante recuerda detalles pero no la idea principal. ¿Qué apoyo es pertinente?|Agrupar detalles, buscar su relación y contrastar un resumen con el texto.|Ayuda a construir una idea que integra la información relevante.|Memorizar más detalles sin relacionarlos.|No aborda la dificultad de jerarquizar e integrar.|Elegir siempre la última palabra como tema.|La posición final no garantiza expresar la idea central.|Borrar todos los párrafos largos.|La longitud no define la relevancia de la información.
2-1-0|alta|conocimientos previos|Antes de pedir un resumen, ¿qué conviene indagar?|Distinción de ideas centrales y detalles y reformulación con palabras propias.|Son capacidades necesarias para seleccionar y sintetizar información.|Rapidez para copiar todo el texto.|Copiar no muestra selección ni síntesis.|Cantidad de lápices disponibles.|No es un conocimiento de comprensión que permita resumir.|Memorización del nombre de la editorial solamente.|No informa comprensión de las ideas del texto.
2-1-1|alta|error lector|Una estudiante atribuye al autor opiniones de un personaje que el relato cuestiona. ¿Qué ayuda conviene?|Contrastar sus palabras con otras voces y consecuencias del relato.|Permite distinguir postura del personaje de la construcción global del texto.|Confirmar que todos los personajes hablan por el autor.|Reproduce la confusión entre voces y autoría.|Eliminar todas las intervenciones del personaje.|Evita analizar su función dentro del relato.|Evaluar solo la caligrafía de la respuesta.|No aborda el problema interpretativo.
2-2-0|alta|evaluación|Se busca distinguir hechos y opiniones en una noticia. ¿Qué desempeño es pertinente?|Clasificar enunciados y justificar con verificabilidad o marcas valorativas.|Hace observable tanto la distinción como el criterio usado.|Copiar el titular con exactitud.|No muestra si identifica hechos y valoraciones.|Contar letras de cada párrafo.|No evalúa el significado de los enunciados.|Elegir la noticia más entretenida.|Expresa preferencia, no la distinción solicitada.
2-2-1|alta|criterios|Se evalúa una carta de solicitud a una institución. ¿Qué criterios corresponden?|Propósito claro, información necesaria, organización y destinatario.|Valoran si la carta permite comunicar la petición adecuadamente.|Solo cantidad de adornos.|La decoración no evidencia adecuación ni claridad de la solicitud.|Solo longitud máxima sin atender contenido.|Un texto largo no asegura que la petición se entienda.|Cantidad de palabras difíciles exclusivamente.|La complejidad léxica puede incluso dificultar el propósito comunicativo.
2-2-2|alta|evaluación formativa|La docente detecta opiniones sin razones en borradores. ¿Qué acción aprovecha esa evidencia?|Modelar el vínculo postura-razón y permitir revisar los textos.|Usa el diagnóstico para enseñar una mejora concreta y volver a aplicarla.|Entregar únicamente una nota final.|No proporciona orientación ni oportunidad de revisar.|Cambiar el tema sin abordar los borradores.|Desaprovecha la dificultad observada.|Solicitar más adornos en la hoja.|No mejora la fundamentación de las opiniones.
0-1-3|media|enunciación|«Estudiantes de sexto: entreguen autorizaciones en inspectoría antes del viernes». ¿Quién es el destinatario explícito?|Estudiantes de sexto.|El encabezamiento identifica directamente a quienes se dirige la instrucción.|La inspectoría exclusivamente.|Es el lugar o unidad de entrega, no el grupo convocado.|El viernes.|Es un límite temporal y no puede recibir el mensaje.|Cualquier visitante sin relación con el curso.|El texto delimita a estudiantes de sexto, no a todos los visitantes.
2-0-3|alta|escucha activa|Un estudiante responde sin considerar lo dicho por su compañera. ¿Qué apoyo ayuda?|Reformular su idea antes de expresar acuerdo o desacuerdo.|Exige atender y comprender la intervención previa antes de responder.|Aumentar la velocidad de respuesta.|Puede favorecer la impulsividad sin mejorar escucha.|Interrumpir antes para ganar el turno.|Reduce la oportunidad de comprender a la interlocutora.|Repetir solo la propia opinión.|No incorpora lo dicho por la compañera.
2-0-6|alta|selección de textos|¿Qué rasgo conviene en un texto para practicar inferencias?|Pistas suficientes para deducir información no expresada literalmente.|Permite elaborar conclusiones respaldadas sin limitarse a copiar frases.|Ausencia completa de pistas interpretables.|Obligaría a adivinar sin evidencia textual.|Respuestas idénticas escritas junto a cada pregunta.|Reduce el ejercicio a localizar o copiar la solución.|Vocabulario totalmente inaccesible sin apoyos.|Puede impedir comprender incluso las pistas necesarias.
0-0-0|media|narrador|«Abrí la puerta y reconocí el olor de la cocina de mi abuela». ¿Qué caracteriza la voz narrativa?|Participa y narra en primera persona.|Los verbos y el posesivo sitúan a quien narra dentro de la experiencia.|Es necesariamente el autor real del libro.|La primera persona narrativa no prueba identidad con el autor.|Describe todo sin participar en ninguna acción.|La voz abre y reconoce; participa en el episodio.|No hay una voz narrativa.|El fragmento sí presenta una perspectiva que cuenta la experiencia.
0-0-1|media|figuras|En «El tren avanzaba como una oruga de hierro», ¿qué recurso es explícito?|Comparación.|El nexo «como» establece semejanza entre tren y oruga.|Onomatopeya.|No reproduce un sonido del tren; establece una semejanza con la oruga.|Anáfora.|No repite una expresión al inicio de segmentos sucesivos.|Enumeración.|No lista elementos de una misma serie.
0-0-2|media|rima|¿Qué rima presentan los finales «casa» y «rama»?|Asonante.|Coinciden las vocales a-a desde la vocal tónica, pero cambian consonantes.|Consonante.|No coinciden todos los sonidos desde la vocal tónica.|Ninguna coincidencia vocálica.|Ambas palabras comparten las vocales a-a relevantes.|Rima determinada por tener igual significado.|La rima depende de sonidos, no de sinonimia.
0-0-3|media|poesía|«Guardé tu risa en el bolsillo del recuerdo». ¿Qué sentido es más plausible?|Conservar afectivamente la memoria de esa risa.|«Bolsillo del recuerdo» representa un espacio figurado de memoria.|Transportar físicamente un sonido dentro de tela.|Literaliza una imagen que vincula recuerdo y afecto.|Olvidar por completo a la persona.|La acción de guardar sugiere conservar, no borrar la memoria.|Describir el diseño técnico de un pantalón.|El centro del verso es una experiencia afectiva, no confección.
0-0-4|media|imagen literaria|¿Qué efecto produce llamar «un mar de voces» a una multitud?|Intensificar abundancia y extensión de sus sonidos.|La imagen del mar proyecta amplitud sobre el conjunto de voces.|Determinar la cantidad exacta de personas.|No entrega un número ni una medición de asistentes.|Afirmar que todas las personas están nadando.|El mar funciona como imagen, no como localización literal.|Indicar ausencia total de sonido.|La expresión destaca numerosas voces, no silencio.
0-1-0|media|noticia|Un texto informa qué ocurrió, dónde y cuándo al abrir un parque ayer. ¿Qué lo acerca a una noticia?|Comunicar un hecho reciente con información contextual verificable.|El acontecimiento y sus circunstancias responden a un propósito informativo.|Inventar un mundo imposible como condición necesaria.|La ficción maravillosa no define este género informativo.|Dar una secuencia de instrucciones para cocinar.|No corresponde al hecho ni al propósito descrito.|Expresar exclusivamente una emoción sin acontecimientos.|El texto sí comunica un suceso situado y contrastable.
0-1-1|media|propósito|Un folleto municipal indica dónde dejar pilas usadas y por qué separarlas. ¿Qué propósitos combina?|Informar y orientar una conducta.|Explica razones y señala una acción concreta para disponer residuos.|Narrar una aventura fantástica exclusivamente.|No construye una trama ficcional; orienta al vecino.|Prohibir toda lectura de información pública.|La publicación busca comunicar, no impedir acceso.|Retratar la infancia del alcalde.|No es el tema ni la estructura del folleto.
0-1-2|media|lectura crítica|Un texto afirma que la bicicleta fue más usada; la tabla muestra bicicleta 18, bus 25 y caminata 12. ¿Qué advertir?|La afirmación contradice el mayor valor del bus.|25 supera 18 y 12; la tabla no respalda lo que dice el texto.|La tabla demuestra que 18 es mayor que 25.|Invierte la relación entre los valores.|La caminata es la más frecuente.|La caminata registra 12, el menor de los tres valores, no el mayor.|Los datos no permiten comparar frecuencias.|Las cantidades sí permiten identificar cuál es mayor.
0-1-4|media|enunciados|«El museo recibió 300 visitantes; fue una jornada inolvidable». ¿Qué distinción corresponde?|Dato verificable seguido de valoración.|La cantidad puede contrastarse; «inolvidable» expresa una apreciación.|Dos cantidades exactas.|El segundo enunciado no entrega una cantidad.|Dos instrucciones obligatorias.|No pide acciones; describe y valora una jornada.|Una valoración seguida de un dato numérico.|Invierte el orden de los componentes del fragmento.
0-1-5|media|entrevista|Un texto organiza preguntas y respuestas con una deportista sobre su trayectoria. ¿Qué función cumple?|Conocer información y perspectivas mediante sus respuestas.|El intercambio permite explorar experiencias y opiniones de la entrevistada.|Registrar únicamente temperaturas diarias.|No corresponde al tema de la trayectoria deportiva.|Fijar reglas de tránsito.|No es una función normativa ni ese el contenido.|Representar una tabla sin voces personales.|Las preguntas y respuestas incorporan justamente la voz entrevistada.
1-0-0|media|conectores|Completa: «El puente estaba cerrado; ___, tomamos otro camino».|por eso|Introduce la consecuencia del cierre sobre la ruta elegida.|sin embargo|Marcaría contraste, mientras aquí la decisión se explica por el cierre.|por ejemplo|No se ofrece un ejemplo del cierre, sino su consecuencia.|es decir|No reformula el cierre; agrega una acción resultante.
1-1-0|básica|acentuación|¿Por qué «camión» lleva tilde?|Es aguda terminada en n.|La sílaba tónica final y esa terminación requieren tilde.|Es llana terminada en vocal.|No es llana ni termina en vocal.|Todas las palabras con m llevan tilde.|La consonante m no determina la acentuación gráfica.|Es monosílaba con tilde diacrítica.|Tiene dos sílabas y no corresponde a ese caso.
1-1-1|media|diálogo|«Entiendo tu preocupación por el costo; comparemos dos presupuestos». ¿Qué acción realiza?|Reconoce una razón ajena y propone deliberar con información.|Integra escucha y un paso concreto para evaluar opciones.|Descalifica a la persona por su edad.|No contiene referencia a edad ni ataque personal.|Cierra toda posibilidad de comparación.|Propone expresamente comparar presupuestos.|Cambia el tema por completo.|Permanece en el problema del costo mencionado.
1-1-2|media|audiencia|Una exposición sobre energía se dirige a quienes desconocen el tema. ¿Qué decisión ayuda?|Explicar términos nuevos con ejemplos y apoyos cercanos.|Adecua el discurso a los conocimientos iniciales de la audiencia.|Usar solo tecnicismos sin explicación.|Puede impedir comprender conceptos desconocidos.|Hablar sin indicar el propósito.|Dificulta orientar la escucha y organizar lo aprendido.|Presentar datos ilegibles para avanzar rápido.|Reduce el acceso a información necesaria para comprender.
2-0-2|alta|edición|Un relato ya tiene secuencia clara, pero presenta errores de tildes y puntuación. ¿Qué fase conviene trabajar?|Edición de convenciones lingüísticas.|La organización lograda permite centrarse en aspectos formales que facilitan lectura.|Descartar necesariamente todo el relato.|Los errores indicados no exigen eliminar la estructura ya lograda.|Publicar sin revisar porque se entiende algo.|Deja sin atender dificultades que pueden mejorarse.|Cambiarlo por una lista de palabras.|No responde al género ni a los problemas observados.
2-0-1|alta|monitoreo lector|Una estudiante nota que un párrafo contradice su interpretación inicial. ¿Qué estrategia ayuda?|Releer y ajustar la interpretación considerando la nueva evidencia.|Reconoce una dificultad y regula activamente la comprensión.|Ignorar el párrafo para mantener siempre su primera idea.|Evita revisar la interpretación frente a evidencia contraria.|Cambiar las palabras del texto a gusto.|Altera la evidencia en vez de examinar el propio razonamiento.|Leer más rápido sin atender a la contradicción.|La velocidad no resuelve el conflicto de comprensión.
2-0-4|alta|investigación|Para reducir residuos del recreo, un grupo reúne un anuncio y mediciones escolares. ¿Qué apoyo permite evaluar esas fuentes?|Comparar propósito, datos y relación con la pregunta investigada.|Ayuda a decidir qué evidencia respalda una propuesta adecuada al problema local.|Elegir el anuncio solo por sus colores.|El atractivo no demuestra pertinencia ni sustento de sus afirmaciones.|Copiar ambas fuentes sin diferenciarlas.|Acumula información, pero no evalúa lo que cada fuente permite concluir.|Descartar mediciones únicamente por ser locales.|Los datos locales pueden ser pertinentes si se revisan procedimiento y límites.
