0-0-0|media|poesía|«Busco tu voz en la lluvia / busco tu voz en la calle / busco tu voz en el sueño». ¿Qué recurso destaca?|Anáfora.|Repite la misma expresión al comienzo de versos sucesivos.|Onomatopeya.|No imita sonidos; organiza una repetición sintáctica inicial.|Hipérbaton necesariamente.|La repetición no implica por sí misma una alteración del orden sintáctico.|Rima consonante entre todos los finales.|Lluvia, calle y sueño no comparten ese patrón de sonidos finales.
0-0-1|media|imagen literaria|«La ciudad me tragó al bajar del bus». ¿Qué efecto produce la imagen?|Representa una experiencia de absorción o desborde ante la ciudad.|La acción de tragar proyecta sobre el espacio una vivencia del personaje.|Describe literalmente un aparato digestivo urbano.|Confunde el sentido figurado con una anatomía real de la ciudad.|Entrega medidas exactas del bus.|No proporciona dimensiones ni cantidades.|Indica que la ciudad dejó de existir.|La ciudad aparece como fuerza que absorbe, no como algo desaparecido.
0-0-2|media|narración|Una escena de 2020 se interrumpe para contar un episodio de 1995 y luego retorna a 2020. ¿Qué técnica se usa?|Analepsis.|Retrocede a un acontecimiento anterior respecto del presente narrativo.|Prolepsis.|Anticiparía acontecimientos futuros, no un episodio de 1995.|Narración estrictamente cronológica.|El retroceso rompe el orden de sucesión temporal.|Eliminación total del narrador.|Un cambio de orden temporal no supone ausencia de voz narrativa.
0-0-3|media|drama|Una hermana quiere vender la casa y otra se opone porque allí cuida al padre. ¿Qué organiza la acción?|Conflicto entre objetivos incompatibles.|Vender y conservar la casa producen tensión entre decisiones de los personajes.|Ausencia de intereses distintos.|Las posiciones explícitamente se oponen.|Una enumeración sin consecuencias.|La diferencia de propósitos puede impulsar decisiones y acciones dramáticas.|Una descripción meteorológica.|No es el elemento central del episodio planteado.
0-0-4|media|género dramático|Una obra desarrolla un conflicto grave que conduce a ruina irreversible del protagonista y reflexión sobre sus límites. ¿Qué género resulta más pertinente?|Tragedia.|El conflicto y desenlace destructivo se relacionan con la experiencia trágica.|Comedia de final reparador.|No corresponde a la ruina irreversible destacada.|Instructivo.|No da pasos para ejecutar una tarea, sino que desarrolla una acción dramática.|Noticia policial necesariamente.|Un conflicto grave ficcional no convierte la obra en texto informativo.
0-0-5|media|cómic|¿Qué sentido adquiere «¡Qué conectados estamos!» en el cómic familiar?|Contrasta conexión digital con escasa conversación presencial.|Las pantallas y el silencio tensionan el anuncio de reunirse a conversar.|Afirma que dejaron todos los teléfonos.|Las imágenes muestran que siguen usando pantallas.|Describe una conversación continua sin interrupciones.|El silencio y la atención al teléfono contradicen esa lectura.|Demuestra que no hay electricidad en la casa.|No hay evidencia de un corte eléctrico.|comic-pantallas
0-0-6|media|cómic|¿Qué función cumple la cartela «Media hora después»?|Indicar una transición temporal entre viñetas.|Sitúa la escena posterior respecto de la reunión inicial.|Imitar el sonido de un teléfono.|No reproduce sonido; informa tiempo transcurrido.|Identificar el nombre de un personaje.|Es una referencia temporal, no un nombre propio.|Cambiar la historia a otro país.|No señala un desplazamiento geográfico.|comic-pantallas
0-0-7|media|argumentación literaria|Un personaje defiende desobedecer una orden dando razones sobre sus consecuencias. ¿Qué muestra la dimensión argumentativa?|Una postura sustentada en razones.|El personaje intenta justificar una decisión ante una cuestión discutible.|La mera presencia de un nombre propio.|Nombrar a alguien no establece una argumentación.|La ausencia obligatoria de conflicto.|Defender una posición puede precisamente formar parte del conflicto.|El uso exclusivo de números.|Los argumentos no requieren ser numéricos para sostener una postura.
0-0-8|media|contexto|Un análisis vincula restricciones históricas a mujeres con decisiones limitadas de una protagonista. ¿Qué examina?|Relación entre contexto social de producción y representación literaria.|Conecta condiciones de época con posibilidades y tensiones de la obra.|Solo cantidad de sílabas por verso.|No está analizando métrica, sino relaciones sociales y representación.|Identidad obligatoria entre protagonista y autora.|La relación contextual no prueba identidad biográfica.|Una corrección exclusivamente ortográfica.|No se centra en convenciones gráficas del texto.
0-0-9|media|tema|Una persona migrante siente pertenencia parcial a dos lugares sin reconocerse totalmente en ninguno. ¿Qué tema se desarrolla?|Identidad y desarraigo.|La experiencia problematiza pertenencia, desplazamiento y reconocimiento de sí.|Procedimientos de construcción de puentes.|No es el problema que organiza la experiencia narrada.|Instrucciones de cultivo.|No se presentan pasos agrícolas.|Cálculo de velocidad de viaje únicamente.|El núcleo es afectivo e identitario, no una magnitud física.
0-0-10|alta|teoría literaria|Una lectura privilegia ritmo, repetición y organización verbal antes que biografía. ¿Qué orientación se aproxima más?|Formalista.|Se centra en procedimientos del lenguaje que construyen efectos literarios.|Biografismo exclusivo.|Precisamente se desplaza el énfasis desde la vida del autor hacia la forma.|Explicación únicamente económica.|Los procedimientos lingüísticos, no la estructura económica, son su centro.|Búsqueda exclusiva de datos meteorológicos.|No examina información climática como fin del análisis.
0-1-0|media|enunciación|Una universidad envía a postulantes fechas de matrícula. ¿Cómo se caracteriza la situación?|Una institución informa a un público definido.|Se distinguen emisor institucional, destinatarios y propósito informativo.|Una conversación íntima sin destinatario.|El mensaje tiene destinatarios explícitos y carácter institucional.|Un monólogo de un personaje ficticio necesariamente.|Nada en el caso obliga a esa situación literaria.|Una instrucción emitida por los postulantes a toda la universidad.|Invierte emisor y receptor del mensaje.
0-1-1|media|argumentación|En «Debemos ampliar el horario porque muchos salen tarde de clases», ¿qué función cumple «Debemos ampliar el horario»?|Tesis o propuesta defendida.|Es la posición cuya justificación aparece en la cláusula causal.|Ejemplo de un horario ya aplicado.|Expresa una propuesta, no un caso de implementación pasada.|Evidencia numérica.|No aporta una cantidad o registro cuantitativo.|Conector de contraste.|Es una afirmación completa; no un enlace adversativo.
0-1-2|media|argumentos|Un texto apoya una medida citando a una especialista competente en ese ámbito. ¿Qué recurso utiliza?|Argumento de autoridad.|Recurre al juicio de una persona reconocida por conocimiento pertinente.|Ataque personal necesariamente.|Citar competencia no equivale a descalificar a alguien.|Narración cronológica exclusivamente.|La cita cumple una función de respaldo de una tesis.|Causa física demostrada por definición.|La autoridad puede respaldar, pero no convierte automáticamente la afirmación en prueba causal.
0-1-3|media|discurso público|Una oradora abre con «Vecinas, vecinos y representantes de nuestra comunidad». ¿Qué hace?|Reconoce y convoca a la audiencia.|La apelación establece vínculo con destinatarios de la ceremonia.|Presenta resultados experimentales.|No entrega datos de una investigación.|Cierra la intervención con una conclusión.|Es una apertura dirigida al público.|Borra toda referencia a interlocutores.|Precisamente nombra grupos que componen la audiencia.
0-1-4|media|medios|Una campaña usa situaciones adolescentes y medios que ellos frecuentan. ¿Qué relación se observa?|Adecuación del mensaje al público destinatario.|Lenguaje, ejemplos y canales consideran características de quienes recibirán el mensaje.|Ausencia de destinatarios previstos.|Las decisiones muestran que sí se anticipa un público.|Identidad obligatoria entre emisor y cada receptor.|Adaptar un mensaje no convierte a sus receptores en emisores originales.|Imposibilidad de interpretar el mensaje de otro modo.|La adecuación no determina una recepción única para todas las personas.
0-1-5|media|contexto|«Hoy comienza el festival» se comparte meses después sin fecha. ¿Qué dato falta para interpretar «hoy»?|Fecha original de publicación.|El deíctico temporal depende del momento de enunciación original.|Número de letras de festival.|No sitúa el momento referido por «hoy».|Color de la pantalla donde se lee.|No determina la fecha de enunciación.|Edad de cualquier lector al azar.|No ubica el evento anunciado en el tiempo.
0-1-6|media|recursos literarios|«Abre un libro, abre un mundo», dice un anuncio. ¿Qué recurso contribuye al mensaje?|Metáfora que vincula lectura con experiencias y conocimientos.|«Abrir un mundo» traslada la apertura física a posibilidades de la lectura.|Definición técnica de encuadernación.|No explica materiales ni pasos de fabricación.|Afirmación literal de crear un planeta.|El mundo funciona figuradamente, no como astro producido.|Prohibición de interpretar libros.|El mensaje invita a leer, no lo prohíbe.
0-1-7|media|mundos ficticios|En un anuncio las personas vuelan sin máquinas y nadie se extraña. ¿Qué caracteriza ese mundo?|Normaliza un hecho imposible en la realidad cotidiana.|La ficción establece reglas donde ese vuelo es aceptado por sus habitantes.|Reproduce necesariamente leyes físicas cotidianas.|Volar así contradice lo habitual del mundo real.|Elimina toda representación ficcional.|La escena construye un mundo con reglas distintas.|Demuestra científicamente que todos pueden volar.|Una representación publicitaria no constituye prueba científica.
0-1-8|media|persuasión|«Todos lo usan; tú también deberías». ¿Qué estrategia predomina?|Apelación a popularidad y pertenencia.|La aceptación de muchos se usa como motivo para adherir.|Demostración experimental de eficacia.|No presenta resultados de pruebas ni un mecanismo de eficacia.|Cita de autoridad científica identificada.|No nombra una especialista competente ni una fuente técnica.|Refutación detallada de objeciones.|No examina contraargumentos; apela al grupo.
1-0-0|media|cohesión|«Llegó una bicicleta. El vehículo quedó junto a la puerta». ¿Qué mecanismo retoma la bicicleta?|Sustitución léxica mediante una expresión más general.|«Vehículo» es un término más amplio que permite mantener el referente.|Contradicción obligatoria entre dos objetos.|El segundo sintagma puede referir a la misma bicicleta.|Onomatopeya.|No se reproduce un sonido mediante palabras, como ocurre en una onomatopeya.|Cambio de referente por una persona.|«Vehículo» no designa una persona en este fragmento.
1-0-1|media|subordinación|«Aunque el proyecto es costoso, puede beneficiar a la comunidad». ¿Qué aporta la subordinada?|Reconoce una dificultad sin abandonar la valoración favorable.|La concesión admite un obstáculo que no anula el beneficio planteado.|Afirma que costo y beneficio son idénticos.|Reconocer ambos no significa equipararlos.|Introduce la única causa del costo.|No explica por qué cuesta; contrapone dificultad y beneficio.|Niega que exista cualquier costo.|La cláusula admite expresamente que es costoso.
1-0-2|media|progresión temática|«Abrió una sala. La sala reúne fotos. Las fotos muestran el puerto». ¿Qué progresión predomina?|Lineal.|Información nueva de una oración pasa a ser tema en la siguiente.|Tema constante idéntico en todas.|Los temas pasan de sala a fotos, no permanecen idénticos.|Ausencia de cohesión referencial.|Las repeticiones conectan los referentes entre oraciones.|Orden alfabético.|La secuencia responde a encadenamiento informativo, no a letras iniciales.
1-1-0|media|modalización|«Probablemente la autora cuestiona esa costumbre». ¿Qué expresa «probablemente»?|Certeza limitada sobre la interpretación.|El emisor presenta la lectura como probable, no como afirmación absoluta.|Seguridad total sin duda.|El adverbio atenúa el compromiso con la certeza.|Obligación impuesta a la autora.|No expresa una norma o mandato de actuación.|Momento exacto en que se escribió.|No sitúa temporalmente el acto de escritura.
1-1-1|media|ortografía|¿Por qué «país» lleva tilde en la i?|Vocal cerrada tónica junto a abierta átona forma hiato.|En este hiato la vocal cerrada tónica lleva tilde independientemente de la regla general.|Porque todas las palabras terminadas en s llevan tilde.|La terminación sola no determina que todas deban tildarse.|Porque es una palabra esdrújula.|Tiene dos sílabas y acento final; no es esdrújula.|Porque la p siempre exige tilde.|Las consonantes iniciales no establecen esa regla.
1-1-2|media|falacias|«Tu propuesta no vale porque eres joven». ¿Qué problema presenta?|Descalifica a quien propone en vez de examinar sus razones.|La edad se usa para invalidar la postura sin discutir su contenido.|Demuestra que la propuesta es matemáticamente falsa.|No analiza datos ni una relación lógica de la propuesta.|Aporta una prueba pertinente de sus consecuencias.|No examina efectos; desplaza el foco a la persona.|Concede la razón por acuerdo explícito.|El enunciado rechaza la propuesta, no la acepta.
1-1-3|media|oralidad|¿Qué condiciones favorecen un debate formal argumentativo?|Tema definido, tiempos, turnos y fundamentación de posturas.|Organizan participación y exigen razones pertinentes para el intercambio.|Interrupciones sin límite ni tema.|Dificultan sostener y contrastar argumentos.|Prohibición de toda postura distinta.|Elimina la controversia que caracteriza el debate.|Evaluación exclusiva del volumen de voz.|Confunde intensidad con calidad de argumentación.
2-0-0|alta|lectura literaria|Se trabaja un relato con final abierto. ¿Qué actividad favorece interpretación?|Comparar lecturas alternativas sostenidas con pistas del texto.|Permite discutir posibilidades y límites sin confundir apertura con arbitrariedad.|Aceptar cualquier lectura aunque contradiga todo el relato.|La diversidad interpretativa sigue requiriendo sustento.|Copiar el final sin discutirlo.|No permite elaborar ni contrastar interpretaciones.|Exigir una respuesta sin admitir evidencia.|Impide examinar las razones de las lecturas propuestas.
2-0-1|alta|investigación|Un estudiante usa una cita sin autor ni procedencia. ¿Qué intervención ayuda?|Rastrear origen y examinar contexto, pertinencia y confiabilidad.|Permite evaluar qué respaldo aporta antes de incorporarla al argumento.|Inventar un autor para completar el formato.|Introduce información falsa y no resuelve la confiabilidad.|Aceptar la cita porque suena convincente.|El efecto retórico no sustituye la comprobación de origen.|Eliminar todas las fuentes de cualquier trabajo.|Evita desarrollar la capacidad de evaluar y usar evidencia.
2-0-2|alta|representación|El curso confunde tesis, razones y evidencia. ¿Qué recurso ayuda?|Un esquema de un párrafo que vincule postura, razones y datos.|Hace visibles funciones y relaciones argumentativas en un ejemplo concreto.|Un listado de colores sin texto.|No representa componentes del argumento.|Un esquema que llame tesis a toda oración.|Borra la distinción que se necesita aprender.|Una copia sin anotaciones ni discusión.|No asegura reconocer las funciones de cada segmento.
2-0-3|alta|retroalimentación|Un estudiante llama anáfora a cualquier repetición. ¿Qué comentario es preciso?|Revisa si la repetición está al inicio de segmentos sucesivos.|Distingue el procedimiento por su posición y recurrencia sintáctica.|Toda palabra que aparece dos veces es siempre anáfora.|Mantiene la generalización incorrecta.|Busca solo el número de personajes.|No se relaciona con la organización verbal del recurso.|Cambia el poema por una tabla de precios.|Evita analizar el procedimiento expresivo observado.
2-0-4|alta|discusión literaria|Dos grupos interpretan un símbolo de modo diferente. ¿Qué decisión favorece aprender?|Contrastar evidencias y coherencia de cada lectura con el conjunto.|Permite argumentar interpretaciones y reconocer sus límites textuales.|Elegir al grupo más numeroso sin escuchar razones.|La cantidad de integrantes no valida una interpretación.|Declarar que los símbolos no pueden interpretarse.|Anula una tarea propia de la lectura literaria.|Aceptar ambas sin revisar ninguna evidencia.|No enseña a distinguir una lectura fundamentada de una arbitraria.
2-0-5|alta|recursos|Se analiza cómo cambia un relato al adaptarse al cine. ¿Qué materiales convienen?|Fragmento narrativo y escena adaptada con una tarea comparativa.|Permite examinar voces, tiempo y recursos propios de cada lenguaje.|Solo afiches sin acceso a las escenas ni al texto.|No ofrecen suficiente evidencia de la adaptación narrativa.|Dos textos sin vínculo con la película.|No permiten contrastar ese proceso de transformación.|Una lista de actores para memorizar.|No analiza cómo se construye el relato en ambos medios.
2-0-6|alta|lectura crítica|¿Qué actividad desarrolla lectura crítica de medios?|Contrastar coberturas de un hecho y analizar fuentes, selección y lenguaje.|Permite identificar perspectivas y decisiones de representación con evidencia.|Compartir titulares sin leerlos.|No examina contenido ni condiciones de producción.|Elegir el medio por el color de su logo.|No es un criterio de análisis informativo.|Suponer que todos los medios seleccionan idénticos datos.|Impide investigar diferencias de enfoque y representación.
2-1-0|alta|conocimiento previo|Antes de escribir un ensayo argumentativo, ¿qué conviene indagar?|Distinción entre postura, razones y evidencias.|Es base para organizar un texto que defienda una posición fundamentada.|Solo rapidez para teclear.|La velocidad no revela comprensión de la estructura argumentativa.|Cantidad de páginas que puede copiar.|Copiar extensión no muestra selección y relación de argumentos.|Preferencia por una tipografía.|No es un conocimiento conceptual necesario para argumentar.
2-1-1|alta|error argumentativo|Un estudiante usa una cifra de otro problema para probar su tesis. ¿Qué ayuda conviene?|Explicar la relación del dato con la afirmación y evaluar su pertinencia.|Tener números no basta: deben responder al problema que se argumenta.|Agregar más cifras ajenas.|Aumenta información irrelevante sin fortalecer el argumento.|Cambiar solo el formato de la cifra.|La presentación no resuelve falta de pertinencia.|Afirmar que toda cifra siempre demuestra cualquier tesis.|Reproduce el error de asumir evidencia automática.
2-2-0|alta|evaluación|¿Qué criterio es pertinente al evaluar una interpretación literaria?|Coherencia de lectura y uso de evidencia textual.|Evalúa si el sentido propuesto se fundamenta en elementos de la obra.|Coincidencia exacta con gustos personales del docente.|La preferencia no es criterio suficiente de fundamentación.|Cantidad de palabras difíciles.|No garantiza una lectura coherente ni respaldada.|Rapidez para terminar sin explicar.|No permite observar el razonamiento interpretativo.
2-2-1|alta|evaluación formativa|Tras comentar un ensayo, ¿qué práctica favorece usar la retroalimentación?|Revisión focalizada y explicación de cambios y motivos.|Permite aplicar observaciones y hacer consciente la mejora del texto.|Guardar comentarios sin volver al ensayo.|No ofrece una instancia para transformar el trabajo.|Copiar la nota como única actividad.|La calificación no reemplaza la revisión del proceso.|Reescribir un texto distinto sin relación con los comentarios.|Pierde la conexión entre evidencia, orientación y mejora.
0-0-6|media|cómic|¿Cómo se construye la escasa conversación presencial del cómic?|Por el contraste entre anuncio inicial, pantallas y silencio posterior.|Palabras e imágenes se complementan para mostrar una situación que contradice la intención inicial.|Solo por un número de teléfono escrito.|No hay ese dato como base del sentido.|Porque ninguna viñeta presenta personajes.|Sí aparecen personas reunidas alrededor de la mesa.|Por una explicación científica del internet.|El sentido se construye narrativamente, no mediante una exposición técnica.|comic-pantallas
0-1-4|media|recepción|Dos grupos interpretan un lema distinto por experiencias diferentes. ¿Qué aspecto ilustra?|La recepción construye sentido desde conocimientos y contextos.|Los destinatarios relacionan el mensaje con marcos que pueden variar.|Todos reciben necesariamente un significado idéntico.|El caso muestra precisamente una diferencia de interpretación.|El mensaje carece por eso de cualquier emisor.|La diversidad de recepción no elimina la autoría del mensaje.|Las experiencias nunca influyen en la lectura.|Contradice el vínculo descrito en el caso.
0-1-5|media|verificación|Una fotografía de una inundación antigua se presenta como actual. ¿Qué revisión es decisiva?|Comprobar fecha, lugar y procedencia.|Permite contextualizar la imagen y evaluar la atribución temporal.|Contar los colores presentes.|No demuestra cuándo ni dónde se tomó.|Aceptar actualidad porque mucha gente la comparte.|La difusión no verifica la fecha original.|Cambiar el brillo antes de leer la publicación.|La edición visual no resuelve su contexto de origen.
0-1-6|media|eslogan|«Más cerca de tu barrio, más cerca de tu vida». ¿Qué procedimiento destaca?|Repetición inicial con efecto rítmico y asociativo.|«Más cerca de» reaparece al inicio para reforzar cercanía y enlazar ámbitos.|Ausencia de toda repetición.|La misma secuencia se repite explícitamente.|Onomatopeya de un vehículo.|La repetición refuerza una idea; no reproduce un sonido de la realidad.|Cita textual de una ley identificada.|No se presenta una referencia normativa ni una fuente jurídica.
0-1-7|media|ficción|Una estatua habla, pero el personaje duda si soñó y el texto mantiene la incertidumbre. ¿Qué rasgo predomina?|Vacilación entre explicación cotidiana y sobrenatural.|La falta de resolución mantiene tensión sobre la naturaleza del acontecimiento.|Explicación científica definitiva desde el comienzo.|El texto conserva la duda, no una certeza explicativa.|Aceptación sin sorpresa de un mundo siempre maravilloso.|El personaje vacila; no normaliza sin conflicto el fenómeno.|Relato puramente informativo sin hechos extraordinarios.|La estatua que habla introduce un hecho problemático para la realidad cotidiana.
1-1-1|media|ortografía|¿Qué oración usa «porque» correctamente para introducir causa?|Llegamos temprano porque el ensayo comenzaba a las nueve.|La conjunción enlaza el hecho con el motivo que lo explica.|¿Porque llegamos temprano?|En interrogación causal directa corresponde «por qué».|No comprendí el porque de la decisión.|El sustantivo precedido de artículo es «porqué», con tilde.|No sé porque cerraron la sala.|En esa pregunta indirecta causal corresponde «por qué», separado y tildado.
2-0-2|alta|tiempo narrativo|Se confunden orden de acontecimientos y orden de presentación. ¿Qué apoyo ayuda?|Dos líneas: cronología de hechos y secuencia del relato.|El contraste muestra retrocesos y anticipaciones respecto de la sucesión temporal.|Una sola lista sin distinguir criterios.|Mantiene confundidos ambos órdenes.|Eliminar todas las referencias temporales.|Quita pistas necesarias para reconstruir los acontecimientos.|Memorizar la portada.|No permite analizar la organización del tiempo narrativo.
2-0-6|alta|argumentos en redes|¿Qué tarea es pertinente para evaluar argumentos en redes?|Identificar tesis y comprobar si las fuentes respaldan las razones.|Conecta afirmación, evidencia y confiabilidad en una publicación concreta.|Contar reacciones como única prueba de verdad.|Popularidad no demuestra validez ni respaldo.|Compartir antes de leer para aumentar alcance.|No permite evaluar el argumento.|Eliminar cualquier postura distinta sin analizarla.|Evita el contraste razonado de afirmaciones.
2-1-0|alta|narrador|Antes de estudiar una voz poco confiable, ¿qué conviene explorar?|Distinguir sus afirmaciones de otras evidencias del relato.|Permite contrastar perspectiva narratorial con indicios que la apoyan o cuestionan.|Suponer que narrador y autor siempre son idénticos.|Borra una distinción necesaria para analizar la voz construida.|Memorizar únicamente el número de páginas.|No informa comprensión de perspectivas narrativas.|Creer que todo narrador conoce siempre todo.|La variación del conocimiento narrativo requiere examinarse, no presuponerse.
2-1-1|alta|error interpretativo|Un estudiante dice que el narrador miente porque no sabe qué piensa otro personaje. ¿Qué distinción necesita?|Conocimiento limitado y falta de confiabilidad.|No saber algo no equivale necesariamente a tergiversar o resultar poco confiable.|Primera y última página únicamente.|La ubicación no resuelve el criterio de confiabilidad.|Vocales abiertas y cerradas.|Es una distinción fonológica ajena al problema narrativo.|Cantidad de personajes y cantidad de capítulos.|Esos recuentos no justifican acusar al narrador de mentir.
0-0-0|media|efecto poético|«En tu silencio escucho el ruido de la ausencia». ¿Qué relación expresiva destaca?|Tensión entre campos opuestos que intensifica una experiencia afectiva.|Silencio y ruido se confrontan para dar forma a la vivencia de ausencia.|Medición objetiva de decibeles.|El verso no presenta una magnitud acústica medida.|Enumeración de instrumentos musicales.|No lista instrumentos ni sus características.|Descripción técnica de un micrófono.|La imagen trabaja afectos, no componentes de un aparato.
0-0-10|alta|teoría literaria|Se investiga cómo lectores de distintas épocas interpretaron una misma novela. ¿Qué enfoque es pertinente?|Recepción y horizontes de lectura.|Se centra en el papel de comunidades lectoras y condiciones históricas de interpretación.|Exclusivamente contar sílabas de una palabra.|No examina las lecturas históricas de la novela.|Biografía del impresor como única explicación.|Reduce la recepción a un dato que no basta para explicar interpretaciones.|Negar que cambien interpretaciones entre épocas.|Contradice el fenómeno que la investigación quiere estudiar.
